CRASH_ID,VHCL_ID,PARTIC_ID,PARTIC_DSPLY_SEQ_NO,VHCL_CODED_SEQ_NO,PARTIC_VHCL_SEQ_NO,PARTIC_TYP_CD,PARTIC_TYP_SHORT_DESC,PARTIC_HIT_RUN_FLG,PUB_EMPL_FLG,SEX_CD,AGE_VAL,DRVR_LIC_STAT_CD,DRVR_LIC_STAT_SHORT_DESC,DRVR_RES_STAT_CD,DRVR_RES_SHORT_DESC,INJ_SVRTY_CD,INJ_SVRTY_SHORT_DESC,SFTY_EQUIP_USE_CD,SFTY_EQUIP_USE_SHORT_DESC,AIRBAG_DEPLOY_IND,MVMNT_CD,MVMNT_SHORT_DESC,CMPSS_DIR_FROM_CD,PARTIC_CMPSS_DIR_FROM_SHORT_DESC,CMPSS_DIR_TO_CD,PARTIC_CMPSS_DIR_TO_SHORT_DESC,NON_MOTRST_LOC_CD,NON_MOTRST_LOC_SHORT_DESC,ACTN_CD,ACTN_SHORT_DESC,PARTIC_ERR_1_CD,PARTIC_ERR_1_SHORT_DESC,PARTIC_ERR_2_CD,PARTIC_ERR_2_SHORT_DESC,PARTIC_ERR_3_CD,PARTIC_ERR_3_SHORT_DESC,PARTIC_CAUSE_1_CD,PARTIC_CAUSE_1_SHORT_DESC,PARTIC_CAUSE_2_CD,PARTIC_CAUSE_2_SHORT_DESC,PARTIC_CAUSE_3_CD,PARTIC_CAUSE_3_SHORT_DESC,PARTIC_EVNT_1_CD,PARTIC_EVNT_1_SHORT_DESC,PARTIC_EVNT_2_CD,PARTIC_EVNT_2_SHORT_DESC,PARTIC_EVNT_3_CD,BAC_VAL,ALCHL_USE_RPT_IND,DRUG_USE_RPT_IND,MJ_USE_RPT_IND,STRIKG_PARTIC_FLG
1775376,3346105,3810904,1,1,1,1,DRVR,0,0,2,72,2.0,OTH-Y,4.0,N-RES,1,KILL,0,NONE,0.0,,,,,,,,,0,NONE,20,DIS SGNL,4.0,L IN TRF,,,4,DIS SIG,,,,,,,,,,,9.0,9.0,9.0,0
1775376,3346106,3810905,2,2,1,1,DRVR,0,0,1,31,1.0,OR-Y,1.0,OR<25,9,NONE,2,BELT,0.0,,,,,,,,,0,NONE,0,NONE,,,,,0,NO CODE,,,,,,,,,,86.0,0.0,0.0,3.0,0
1776087,3347439,3812609,1,1,1,1,DRVR,1,0,9,0,9.0,UNK,9.0,UNK,9,NONE,9,UNK,,,,,,,,,,0,NONE,42,F/SLO MV,,,,,1,TOO-FAST,,,,,,,,,,,,,,0
1776087,3347440,3812610,2,2,1,1,DRVR,0,0,2,34,1.0,OR-Y,1.0,OR<25,4,INJC,2,BELT,0.0,,,,,,,,,0,NONE,0,NONE,,,,,0,NO CODE,,,,,,,,,,,0.0,0.0,3.0,0
1777280,3349711,3815439,1,1,1,1,DRVR,0,0,1,63,2.0,OTH-Y,4.0,N-RES,9,NONE,2,BELT,,,,,,,,,,38,DISTRACT,16,INATTENT,42.0,F/SLO MV,,,27,INATTENT,,,,,,,,,,,0.0,0.0,3.0,0
1777280,3349712,3815440,2,2,1,1,DRVR,0,0,1,50,1.0,OR-Y,1.0,OR<25,4,INJC,2,BELT,0.0,,,,,,,,,0,NONE,0,NONE,,,,,0,NO CODE,,,,,,,,,,,0.0,0.0,3.0,0
1777280,3349712,3815441,3,2,2,2,PSNG,0,0,1,10,,,,,4,INJC,2,BELT,0.0,,,,,,,,,0,NONE,0,NONE,,,,,0,NO CODE,,,,,,,,,,,,,,0
1777280,3349712,3815442,4,2,3,2,PSNG,0,0,2,12,,,,,4,INJC,2,BELT,0.0,,,,,,,,,0,NONE,0,NONE,,,,,0,NO CODE,,,,,,,,,,,,,,0
1777481,3350078,3815897,1,1,1,1,DRVR,0,0,1,24,3.0,SUSP,4.0,N-RES,9,NONE,2,BELT,,,,,,,,,,0,NONE,43,TOO CLOSE,,,,,7,TOO-CLOS,,,,,,,,,,,0.0,0.0,3.0,0
1777481,3350079,3815898,2,2,1,1,DRVR,0,0,2,24,2.0,OTH-Y,4.0,N-RES,4,INJC,2,BELT,,,,,,,,,,0,NONE,0,NONE,,,,,0,NO CODE,,,,,,,,,,,0.0,0.0,3.0,0
1777530,3350165,3816007,1,1,1,1,DRVR,0,0,2,66,1.0,OR-Y,1.0,OR<25,4,INJC,2,BELT,0.0,,,,,,,,,0,NONE,0,NONE,,,,,0,NO CODE,,,,,,,,,,,0.0,0.0,3.0,0
1777530,3350166,3816008,2,2,1,1,DRVR,1,0,9,0,9.0,UNK,9.0,UNK,9,NONE,9,UNK,,,,,,,,,,0,NONE,21,RAN STOP,,,,,3,PAS-STOP,,,,,,,,,,,0.0,0.0,3.0,0
1779094,3353145,3819794,1,1,1,1,DRVR,0,0,2,64,1.0,OR-Y,1.0,OR<25,4,INJC,2,BELT,0.0,,,,,,,,,0,NONE,28,NO ROW,,,,,2,NO-YIELD,,,,,,,,,,,0.0,0.0,3.0,0
1779094,3353146,3819795,2,2,1,1,DRVR,0,0,2,81,1.0,OR-Y,1.0,OR<25,4,INJC,2,BELT,1.0,,,,,,,,,0,NONE,0,NONE,,,,,0,NO CODE,,,,,,,,,,,0.0,0.0,3.0,0
1784606,3363458,3832826,1,1,1,1,DRVR,0,0,2,69,2.0,OTH-Y,4.0,N-RES,3,INJB,2,BELT,1.0,,,,,,,,,0,NONE,26,REAR-END,,,,,29,F AVOID,,,,,,,,,,,0.0,0.0,3.0,0
1784606,3363459,3832827,2,2,1,1,DRVR,0,0,2,61,2.0,OTH-Y,4.0,N-RES,2,INJA,2,BELT,,,,,,,,,,0,NONE,0,NONE,,,,,0,NO CODE,,,,,,,,,,,0.0,0.0,3.0,0
1784606,3363459,3832828,3,2,2,2,PSNG,0,0,1,38,,,,,4,INJC,2,BELT,,,,,,,,,,0,NONE,0,NONE,,,,,0,NO CODE,,,,,,,,,,,,,,0
1788023,3369996,3841005,1,1,1,1,DRVR,0,0,1,17,2.0,OTH-Y,4.0,N-RES,9,NONE,2,BELT,,,,,,,,,,17,LOSTCTRL,47,BASCRULE,17.0,UNSF VEH,,,1,TOO-FAST,,,,,,,,,,,0.0,0.0,3.0,0
1788023,3369997,3841006,2,2,1,1,DRVR,0,0,1,64,1.0,OR-Y,1.0,OR<25,9,NONE,2,BELT,,,,,,,,,,0,NONE,0,NONE,,,,,0,NO CODE,,,,,,,,,,,0.0,0.0,3.0,0
1788023,3369997,3841007,3,2,2,2,PSNG,0,0,2,64,,,,,4,INJC,2,BELT,,,,,,,,,,0,NONE,0,NONE,,,,,0,NO CODE,,,,,,,,,,,,,,0
1788045,3370038,3841061,1,1,1,1,DRVR,0,0,2,20,2.0,OTH-Y,4.0,N-RES,4,INJC,2,BELT,,,,,,,,,,88,OTHER,26,REAR-END,,,,,29,F AVOID,,,,,,,,,,,,,,0
1788045,3370039,3841062,2,2,1,1,DRVR,0,0,2,30,2.0,OTH-Y,4.0,N-RES,4,INJC,2,BELT,0.0,,,,,,,,,0,NONE,0,NONE,,,,,0,NO CODE,,,,,,,,,,,,,,0
1788045,3370040,3841063,3,3,1,1,DRVR,0,0,1,42,2.0,OTH-Y,4.0,N-RES,9,NONE,9,UNK,,,,,,,,,,0,NONE,0,NONE,,,,,0,NO CODE,,,,,,,,,,,,,,0
1788068,3370088,3841117,1,1,1,1,DRVR,0,0,1,30,2.0,OTH-Y,4.0,N-RES,9,NONE,2,BELT,,,,,,,,,,0,NONE,26,REAR-END,,,,,29,F AVOID,,,,,,,,,,,0.0,0.0,3.0,0
1788068,3370089,3841118,2,2,1,1,DRVR,0,0,2,41,2.0,OTH-Y,4.0,N-RES,4,INJC,2,BELT,,,,,,,,,,0,NONE,0,NONE,,,,,0,NO CODE,,,,,,,,,,,0.0,0.0,3.0,0
1788068,3370089,3841119,3,2,2,2,PSNG,0,0,2,68,,,,,4,INJC,2,BELT,,,,,,,,,,0,NONE,0,NONE,,,,,0,NO CODE,,,,,,,,,,,,,,0
1788068,3370090,3841120,4,3,1,1,DRVR,0,0,1,46,2.0,OTH-Y,4.0,N-RES,4,INJC,2,BELT,,,,,,,,,,0,NONE,0,NONE,,,,,0,NO CODE,,,,,,,,,,,,,,0
1788139,3370234,3841303,1,1,1,1,DRVR,0,0,1,82,1.0,OR-Y,1.0,OR<25,3,INJB,2,BELT,,,,,,,,,,88,OTHER,80,FAIL LN,81.0,OFF RD,,,10,OTHR-IMP,,,,,,,,,,86.0,0.0,0.0,3.0,0
1794003,3381398,3855388,1,1,1,1,DRVR,0,0,1,28,1.0,OR-Y,1.0,OR<25,9,NONE,2,BELT,1.0,,,,,,,,,0,NONE,0,NONE,,,,,0,NO CODE,,,,,,,,,,86.0,0.0,0.0,3.0,0
1794003,3381398,3855389,2,1,2,2,PSNG,0,0,1,28,,,,,3,INJB,2,BELT,1.0,,,,,,,,,0,NONE,0,NONE,,,,,0,NO CODE,,,,,,,,,,,,,,0
1794003,3381399,3855390,3,2,1,1,DRVR,0,0,2,73,1.0,OR-Y,2.0,OR>25,3,INJB,2,BELT,1.0,,,,,,,,,0,NONE,20,DIS SGNL,,,,,4,DIS SIG,,,,,,,,,,86.0,0.0,0.0,3.0,0
1794038,3381468,3855474,1,1,1,1,DRVR,0,0,1,35,1.0,OR-Y,2.0,OR>25,9,NONE,2,BELT,0.0,,,,,,,,,0,NONE,26,REAR-END,,,,,29,F AVOID,,,,,,,,,,,,,,0
1794038,3381469,3855475,2,2,1,1,DRVR,0,0,1,49,2.0,OTH-Y,4.0,N-RES,4,INJC,2,BELT,,,,,,,,,,0,NONE,0,NONE,,,,,0,NO CODE,,,,,,,,,,,,,,0
1794085,3381558,3855593,1,1,1,1,DRVR,0,0,2,20,2.0,OTH-Y,4.0,N-RES,9,NONE,2,BELT,1.0,,,,,,,,,0,NONE,47,BASCRULE,43.0,TOO CLOSE,,,1,TOO-FAST,7.0,TOO-CLOS,,,,,,,,86.0,0.0,0.0,3.0,0
1794085,3381558,3855594,2,1,2,2,PSNG,0,0,1,16,,,,,3,INJB,2,BELT,,,,,,,,,,0,NONE,0,NONE,,,,,0,NO CODE,,,,,,,,,,,,,,0
1794085,3381559,3855595,3,2,1,1,DRVR,0,0,1,55,2.0,OTH-Y,4.0,N-RES,9,NONE,2,BELT,,,,,,,,,,0,NONE,0,NONE,,,,,0,NO CODE,,,,,,,,,,86.0,0.0,0.0,3.0,0
1794107,3381597,3855642,1,1,1,1,DRVR,0,0,1,22,1.0,OR-Y,2.0,OR>25,3,INJB,2,BELT,,,,,,,,,,88,OTHER,47,BASCRULE,81.0,OFF RD,,,1,TOO-FAST,,,,,,,,,,,0.0,0.0,3.0,0
1794136,3381649,3855708,1,1,1,1,DRVR,0,0,2,48,1.0,OR-Y,1.0,OR<25,3,INJB,2,BELT,1.0,,,,,,,,,0,NONE,0,NONE,,,,,0,NO CODE,,,,,82.0,VEH HID,,,,,0.0,0.0,3.0,0
1794136,3381650,3855709,2,2,1,1,DRVR,0,0,2,41,1.0,OR-Y,1.0,OR<25,4,INJC,2,BELT,,,,,,,,,,0,NONE,52,CARELESS,,,,,32,CARELESS,,,,,82.0,VEH HID,,,,,0.0,0.0,3.0,0
1795504,3384249,3858946,1,1,1,1,DRVR,0,0,1,29,1.0,OR-Y,1.0,OR<25,9,NONE,2,BELT,0.0,,,,,,,,,38,DISTRACT,16,INATTENT,,,,,27,INATTENT,,,,,,,,,,,0.0,0.0,3.0,0
1795504,3384250,3858947,2,2,1,1,DRVR,0,0,1,56,1.0,OR-Y,1.0,OR<25,9,NONE,2,BELT,,,,,,,,,,0,NONE,0,NONE,,,,,0,NO CODE,,,,,,,,,,,0.0,0.0,3.0,0
1795504,3384250,3858948,3,2,2,2,PSNG,0,0,2,57,,,,,4,INJC,2,BELT,,,,,,,,,,0,NONE,0,NONE,,,,,0,NO CODE,,,,,,,,,,,,,,0
1795511,3384264,3858962,1,1,1,1,DRVR,0,0,2,30,1.0,OR-Y,1.0,OR<25,3,INJB,2,BELT,0.0,,,,,,,,,38,DISTRACT,52,CARELESS,16.0,INATTENT,50.0,SPEED,32,CARELESS,27.0,INATTENT,30.0,SPEED,93.0,CELL PHONE,,,,86.0,0.0,0.0,3.0,0
1795631,3384503,3859285,1,1,1,1,DRVR,0,0,1,36,2.0,OTH-Y,4.0,N-RES,9,NONE,9,UNK,1.0,,,,,,,,,88,OTHER,44,STRDL LN,,,,,5,LEFT-CTR,,,,,,,,,,86.0,0.0,0.0,3.0,0
1795631,3384504,3859286,2,2,1,1,DRVR,0,0,2,31,1.0,OR-Y,1.0,OR<25,3,INJB,2,BELT,0.0,,,,,,,,,0,NONE,0,NONE,,,,,0,NO CODE,,,,,,,,,,86.0,0.0,0.0,3.0,0
1796435,3386082,3861338,1,1,1,1,DRVR,0,0,1,45,2.0,OTH-Y,4.0,N-RES,3,INJB,2,BELT,1.0,,,,,,,,,25,FATIGUE,80,FAIL LN,,,,,16,FATIGUE,,,,,,,,,,86.0,0.0,0.0,3.0,0
1796607,3386416,3861745,1,1,1,1,DRVR,0,0,1,57,1.0,OR-Y,1.0,OR<25,4,INJC,9,UNK,,,,,,,,,,0,NONE,45,IMP CHG,,,,,13,IMP LN C,,,,,1.0,FEL/JUMP,,,,86.0,0.0,0.0,3.0,0
1796607,3386417,3861746,2,2,1,1,DRVR,0,0,2,53,2.0,OTH-Y,4.0,N-RES,9,NONE,2,BELT,0.0,,,,,,,,,0,NONE,0,NONE,,,,,0,NO CODE,,,,,,,,,,86.0,0.0,0.0,3.0,0
1796642,3386478,3861824,1,1,1,1,DRVR,0,0,1,74,1.0,OR-Y,1.0,OR<25,9,NONE,9,UNK,,,,,,,,,,0,NONE,26,REAR-END,,,,,29,F AVOID,,,,,,,,,,,,,,0
1796642,3386479,3861825,2,2,1,1,DRVR,0,0,2,30,1.0,OR-Y,1.0,OR<25,4,INJC,2,BELT,0.0,,,,,,,,,0,NONE,0,NONE,,,,,0,NO CODE,,,,,,,,,,,,,,0
1797516,3388133,3863951,1,1,1,1,DRVR,0,0,1,30,2.0,OTH-Y,4.0,N-RES,9,NONE,2,BELT,,,,,,,,,,0,NONE,43,TOO CLOSE,,,,,7,TOO-CLOS,,,,,,,,,,,0.0,0.0,3.0,0
1797516,3388134,3863952,2,2,1,1,DRVR,0,0,2,32,2.0,OTH-Y,4.0,N-RES,4,INJC,2,BELT,0.0,,,,,,,,,0,NONE,0,NONE,,,,,0,NO CODE,,,,,,,,,,,0.0,0.0,3.0,0
1797516,3388134,3863953,3,2,2,2,PSNG,0,0,2,56,,,,,4,INJC,2,BELT,0.0,,,,,,,,,0,NONE,0,NONE,,,,,0,NO CODE,,,,,,,,,,,,,,0
1797707,3388504,3864409,1,1,1,1,DRVR,0,0,1,60,1.0,OR-Y,1.0,OR<25,4,INJC,2,BELT,,,,,,,,,,0,NONE,0,NONE,,,,,0,NO CODE,,,,,,,,,,,0.0,0.0,3.0,0
1797707,3388505,3864410,2,2,1,1,DRVR,0,0,1,18,1.0,OR-Y,1.0,OR<25,9,NONE,2,BELT,,,,,,,,,,0,NONE,28,NO ROW,,,,,2,NO-YIELD,,,,,,,,,,,0.0,0.0,3.0,0
1798149,3389348,3865461,1,1,1,1,DRVR,1,0,1,28,1.0,OR-Y,1.0,OR<25,4,INJC,9,UNK,,,,,,,,,,88,OTHER,80,FAIL LN,81.0,OFF RD,,,10,OTHR-IMP,,,,,,,,,,10.0,1.0,,,0
1798422,3389879,3866134,1,1,1,1,DRVR,0,0,1,26,1.0,OR-Y,1.0,OR<25,9,NONE,2,BELT,1.0,,,,,,,,,0,NONE,47,BASCRULE,42.0,F/SLO MV,,,1,TOO-FAST,29.0,F AVOID,,,,,,,,,,,,0
1798422,3389879,3866135,2,1,2,2,PSNG,0,0,1,2,,,,,9,NONE,4,CHILD,,,,,,,,,,0,NONE,0,NONE,,,,,0,NO CODE,,,,,,,,,,,,,,0
1798422,3389880,3866136,3,2,1,1,DRVR,0,0,2,64,2.0,OTH-Y,4.0,N-RES,4,INJC,2,BELT,0.0,,,,,,,,,0,NONE,0,NONE,,,,,0,NO CODE,,,,,,,,,,,,,,0
1798462,3389955,3866229,1,1,1,1,DRVR,0,0,1,31,1.0,OR-Y,1.0,OR<25,4,INJC,2,BELT,,,,,,,,,,0,NONE,21,RAN STOP,,,,,3,PAS-STOP,,,,,,,,,,86.0,0.0,0.0,3.0,0
1798462,3389956,3866230,2,2,1,1,DRVR,0,0,2,20,2.0,OTH-Y,4.0,N-RES,9,NONE,2,BELT,1.0,,,,,,,,,0,NONE,0,NONE,,,,,0,NO CODE,,,,,,,,,,86.0,0.0,0.0,3.0,0
1798541,3390113,3866421,1,1,1,1,DRVR,0,0,2,50,1.0,OR-Y,2.0,OR>25,3,INJB,2,BELT,1.0,,,,,,,,,0,NONE,0,NONE,,,,,0,NO CODE,,,,,,,,,,,0.0,0.0,3.0,0
1798541,3390114,3866422,2,2,1,1,DRVR,0,0,2,57,1.0,OR-Y,2.0,OR>25,9,NONE,2,BELT,0.0,,,,,,,,,0,NONE,28,NO ROW,,,,,2,NO-YIELD,,,,,,,,,,,0.0,0.0,3.0,0
1803365,3399297,3877820,1,1,1,1,DRVR,0,0,9,0,9.0,UNK,9.0,UNK,9,NONE,9,UNK,,,,,,,,,,0,NONE,0,NONE,,,,,0,NO CODE,,,,,,,,,,,,,,0
1803397,3399350,3877871,1,1,1,1,DRVR,0,0,9,0,9.0,UNK,9.0,UNK,9,NONE,9,UNK,,,,,,,,,,0,NONE,0,NONE,,,,,0,NO CODE,,,,,,,,,,,,,,0
1803397,3399351,3877872,2,2,1,1,DRVR,0,0,9,0,9.0,UNK,9.0,UNK,9,NONE,9,UNK,,,,,,,,,,0,NONE,0,NONE,,,,,0,NO CODE,,,,,,,,,,,,,,0
1805193,3402592,3881062,1,1,1,1,DRVR,0,0,9,0,9.0,UNK,9.0,UNK,9,NONE,9,UNK,,,,,,,,,,0,NONE,0,NONE,,,,,0,NO CODE,,,,,,,,,,86.0,0.0,0.0,3.0,0
1806353,3404685,3883100,1,1,1,1,DRVR,0,0,9,0,9.0,UNK,9.0,UNK,9,NONE,9,UNK,,,,,,,,,,0,NONE,0,NONE,,,,,0,NO CODE,,,,,,,,,,86.0,0.0,0.0,3.0,0
1806494,3404941,3883345,1,1,1,1,DRVR,0,0,9,0,9.0,UNK,9.0,UNK,9,NONE,9,UNK,,,,,,,,,,0,NONE,0,NONE,,,,,0,NO CODE,,,,,,,,,,86.0,0.0,0.0,3.0,0
1806494,3404942,3883346,2,2,1,1,DRVR,0,0,9,0,9.0,UNK,9.0,UNK,9,NONE,9,UNK,,,,,,,,,,0,NONE,0,NONE,,,,,0,NO CODE,,,,,,,,,,86.0,0.0,0.0,3.0,0
1807565,3406814,3885172,1,1,1,1,DRVR,0,0,9,0,9.0,UNK,9.0,UNK,9,NONE,9,UNK,,,,,,,,,,0,NONE,0,NONE,,,,,0,NO CODE,,,,,,,,,,86.0,0.0,0.0,3.0,0
1807565,3406815,3885173,2,2,1,1,DRVR,0,0,9,0,9.0,UNK,9.0,UNK,9,NONE,9,UNK,,,,,,,,,,0,NONE,0,NONE,,,,,0,NO CODE,,,,,,,,,,86.0,0.0,0.0,3.0,0
1809476,3410198,3888495,1,1,1,1,DRVR,0,0,2,18,2.0,OTH-Y,2.0,OR>25,9,NONE,2,BELT,,,,,,,,,,0,NONE,0,NONE,,,,,0,NO CODE,,,,,,,,,,0.0,0.0,0.0,0.0,0
1810375,3411744,3890005,1,1,1,1,DRVR,0,0,9,0,9.0,UNK,9.0,UNK,9,NONE,9,UNK,,,,,,,,,,0,NONE,0,NONE,,,,,0,NO CODE,,,,,,,,,,86.0,0.0,0.0,3.0,0
1810375,3411745,3890006,2,2,1,1,DRVR,0,0,9,0,9.0,UNK,9.0,UNK,9,NONE,9,UNK,,,,,,,,,,0,NONE,0,NONE,,,,,0,NO CODE,,,,,,,,,,86.0,0.0,0.0,3.0,0
1810476,3411912,3890166,1,1,1,1,DRVR,0,0,9,0,9.0,UNK,9.0,UNK,9,NONE,9,UNK,,,,,,,,,,0,NONE,0,NONE,,,,,0,NO CODE,,,,,,,,,,,,,,0
1813352,3416905,3895108,1,1,1,1,DRVR,0,0,9,0,9.0,UNK,9.0,UNK,9,NONE,9,UNK,,,,,,,,,,0,NONE,0,NONE,,,,,0,NO CODE,,,,,,,,,,,,,,0
1813461,3417084,3895294,1,1,1,1,DRVR,0,0,9,0,9.0,UNK,9.0,UNK,9,NONE,9,UNK,,,,,,,,,,0,NONE,0,NONE,,,,,0,NO CODE,,,,,,,,,,,0.0,0.0,3.0,0
1814427,3418748,3896958,1,1,1,1,DRVR,0,0,9,0,9.0,UNK,9.0,UNK,9,NONE,9,UNK,,,,,,,,,,0,NONE,0,NONE,,,,,0,NO CODE,,,,,,,,,,,,,,0
1814427,3418749,3896959,2,2,1,1,DRVR,0,0,9,0,9.0,UNK,9.0,UNK,9,NONE,9,UNK,,,,,,,,,,0,NONE,0,NONE,,,,,0,NO CODE,,,,,,,,,,,,,,0
1815808,3421049,3899260,1,1,1,1,DRVR,0,0,9,0,9.0,UNK,9.0,UNK,9,NONE,9,UNK,,,,,,,,,,0,NONE,0,NONE,,,,,0,NO CODE,,,,,,,,,,,,,,0
1815808,3421050,3899261,2,2,1,1,DRVR,0,0,9,0,9.0,UNK,9.0,UNK,9,NONE,9,UNK,,,,,,,,,,0,NONE,0,NONE,,,,,0,NO CODE,,,,,,,,,,,,,,0
1819814,3427804,3905854,1,1,1,1,DRVR,0,0,9,0,9.0,UNK,9.0,UNK,9,NONE,9,UNK,,,,,,,,,,0,NONE,0,NONE,,,,,0,NO CODE,,,,,,,,,,,1.0,,,0
1819814,3427805,3905855,2,2,1,1,DRVR,0,0,9,0,9.0,UNK,9.0,UNK,9,NONE,9,UNK,,,,,,,,,,0,NONE,0,NONE,,,,,0,NO CODE,,,,,,,,,,,0.0,0.0,3.0,0
1820036,3428210,3906244,1,1,1,1,DRVR,0,0,9,0,9.0,UNK,9.0,UNK,9,NONE,9,UNK,,,,,,,,,,0,NONE,0,NONE,,,,,0,NO CODE,,,,,,,,,,,,,,0
1820036,3428211,3906245,2,2,1,1,DRVR,0,0,9,0,9.0,UNK,9.0,UNK,9,NONE,9,UNK,,,,,,,,,,0,NONE,0,NONE,,,,,0,NO CODE,,,,,,,,,,,,,,0
1820398,3428858,3906849,1,1,1,1,DRVR,0,0,9,0,9.0,UNK,9.0,UNK,9,NONE,9,UNK,,,,,,,,,,0,NONE,0,NONE,,,,,0,NO CODE,,,,,,,,,,,0.0,0.0,3.0,0
1820398,3428859,3906850,2,2,1,1,DRVR,0,0,9,0,9.0,UNK,9.0,UNK,9,NONE,9,UNK,,,,,,,,,,0,NONE,0,NONE,,,,,0,NO CODE,,,,,,,,,,,0.0,0.0,3.0,0
1820671,3429353,3907308,1,1,1,1,DRVR,0,0,9,0,9.0,UNK,9.0,UNK,9,NONE,9,UNK,,,,,,,,,,0,NONE,0,NONE,,,,,0,NO CODE,,,,,,,,,,86.0,0.0,0.0,3.0,0
1820671,3429354,3907309,2,2,1,1,DRVR,0,0,9,0,9.0,UNK,9.0,UNK,9,NONE,9,UNK,,,,,,,,,,0,NONE,0,NONE,,,,,0,NO CODE,,,,,,,,,,86.0,0.0,0.0,3.0,0
1821929,3431585,3909423,1,1,1,1,DRVR,0,0,9,0,9.0,UNK,9.0,UNK,9,NONE,9,UNK,,,,,,,,,,0,NONE,0,NONE,,,,,0,NO CODE,,,,,,,,,,,,,,0
1821929,3431586,3909424,2,2,1,1,DRVR,0,0,9,0,9.0,UNK,9.0,UNK,9,NONE,9,UNK,,,,,,,,,,0,NONE,0,NONE,,,,,0,NO CODE,,,,,,,,,,,,,,0
1821937,3431601,3909438,1,1,1,1,DRVR,0,0,9,0,9.0,UNK,9.0,UNK,9,NONE,9,UNK,,,,,,,,,,0,NONE,0,NONE,,,,,0,NO CODE,,,,,,,,,,,,,,0
1821937,3431602,3909439,2,2,1,1,DRVR,0,0,9,0,9.0,UNK,9.0,UNK,9,NONE,9,UNK,,,,,,,,,,0,NONE,0,NONE,,,,,0,NO CODE,,,,,,,,,,,,,,0
1826497,3439770,3917497,1,1,1,1,DRVR,0,0,1,80,1.0,OR-Y,1.0,OR<25,9,NONE,2,BELT,,,,,,,,,,0,NONE,28,NO ROW,,,,,2,NO-YIELD,,,,,,,,,,,0.0,0.0,3.0,0
1826497,3439771,3917498,2,2,1,1,DRVR,0,0,1,66,1.0,OR-Y,1.0,OR<25,2,INJA,6,HELM,,,,,,,,,,0,NONE,0,NONE,,,,,0,NO CODE,,,,,1.0,FEL/JUMP,,,,,0.0,0.0,3.0,0
1826497,3439772,3917499,3,3,1,1,DRVR,0,0,1,40,2.0,OTH-Y,4.0,N-RES,9,NONE,2,BELT,,,,,,,,,,0,NONE,0,NONE,,,,,0,NO CODE,,,,,,,,,,,,,,0
1826737,3440174,3918032,1,1,1,1,DRVR,0,0,1,38,1.0,OR-Y,1.0,OR<25,2,INJA,2,BELT,1.0,,,,,,,,,28,ILLNESS,16,INATTENT,80.0,FAIL LN,81.0,OFF RD,17,ILLNESS,,,,,,,,,,,0.0,0.0,3.0,0
1826737,3440174,3918033,2,1,2,2,PSNG,0,0,2,31,,,,,2,INJA,0,NONE,1.0,,,,,,,,,0,NONE,0,NONE,,,,,0,NO CODE,,,,,,,,,,,,,,0
1826737,3440174,3918034,3,1,3,2,PSNG,0,0,2,54,,,,,2,INJA,0,NONE,1.0,,,,,,,,,0,NONE,0,NONE,,,,,0,NO CODE,,,,,,,,,,,,,,0
1826754,3440202,3918066,1,1,1,1,DRVR,0,0,1,50,1.0,OR-Y,1.0,OR<25,2,INJA,2,BELT,0.0,,,,,,,,,38,DISTRACT,52,CARELESS,43.0,TOO CLOSE,16.0,INATTENT,32,CARELESS,7.0,TOO-CLOS,27.0,INATTENT,,,,,,,0.0,0.0,3.0,0
1826754,3440203,3918067,2,2,1,1,DRVR,0,0,1,41,1.0,OR-Y,1.0,OR<25,4,INJC,2,BELT,0.0,,,,,,,,,0,NONE,0,NONE,,,,,0,NO CODE,,,,,,,,,,,0.0,0.0,3.0,0
1826754,3440203,3918068,3,2,2,2,PSNG,0,0,2,43,,,,,4,INJC,2,BELT,0.0,,,,,,,,,0,NONE,0,NONE,,,,,0,NO CODE,,,,,,,,,,,,,,0
1826754,3440203,3918069,4,2,3,2,PSNG,0,0,1,17,,,,,4,INJC,2,BELT,0.0,,,,,,,,,0,NONE,0,NONE,,,,,0,NO CODE,,,,,,,,,,,,,,0
1826754,3440203,3918070,5,2,4,2,PSNG,0,0,2,18,,,,,4,INJC,2,BELT,,,,,,,,,,0,NONE,0,NONE,,,,,0,NO CODE,,,,,,,,,,,,,,0
1826754,3440204,3918071,6,3,1,1,DRVR,0,0,1,46,2.0,OTH-Y,4.0,N-RES,9,NONE,0,NONE,,,,,,,,,,0,NONE,0,NONE,,,,,0,NO CODE,,,,,,,,,,,,,,0
1829013,3444431,3923250,1,1,1,1,DRVR,0,0,2,16,1.0,OR-Y,1.0,OR<25,9,NONE,2,BELT,,,,,,,,,,0,NONE,47,BASCRULE,42.0,F/SLO MV,,,1,TOO-FAST,,,,,,,,,,,0.0,0.0,3.0,0
1829013,3444432,3923251,2,2,1,1,DRVR,0,0,2,26,1.0,OR-Y,1.0,OR<25,4,INJC,2,BELT,0.0,,,,,,,,,0,NONE,0,NONE,,,,,0,NO CODE,,,,,,,,,,,0.0,0.0,3.0,0
1829075,3444545,3923389,1,1,1,1,DRVR,1,0,9,0,9.0,UNK,9.0,UNK,9,NONE,9,UNK,,,,,,,,,,0,NONE,26,REAR-END,,,,,29,F AVOID,,,,,,,,,,,9.0,9.0,9.0,0
1829075,3444546,3923390,2,2,1,1,DRVR,0,0,2,55,1.0,OR-Y,1.0,OR<25,4,INJC,2,BELT,0.0,,,,,,,,,0,NONE,0,NONE,,,,,0,NO CODE,,,,,,,,,,,0.0,0.0,3.0,0
1830267,3446915,3926216,1,1,1,1,DRVR,1,0,1,19,1.0,OR-Y,1.0,OR<25,9,NONE,2,BELT,,,,,,,,,,88,OTHER,42,F/SLO MV,,,,,10,OTHR-IMP,,,,,,,,,,87.0,,1.0,,0
1830267,3446916,3926217,2,2,1,1,DRVR,0,0,1,66,2.0,OTH-Y,1.0,OR<25,9,NONE,2,BELT,0.0,,,,,,,,,0,NONE,0,NONE,,,,,0,NO CODE,,,,,,,,,,,0.0,0.0,3.0,0
1830267,3446916,3926218,3,2,2,2,PSNG,0,0,2,71,,,,,4,INJC,2,BELT,0.0,,,,,,,,,0,NONE,0,NONE,,,,,0,NO CODE,,,,,,,,,,,,,,0
1830275,3446929,3926233,1,1,1,1,DRVR,0,0,2,63,1.0,OR-Y,1.0,OR<25,9,NONE,9,UNK,,,,,,,,,,0,NONE,26,REAR-END,,,,,29,F AVOID,,,,,,,,,,,,,,0
1830275,3446930,3926234,2,2,1,1,DRVR,0,0,2,39,1.0,OR-Y,1.0,OR<25,4,INJC,2,BELT,0.0,,,,,,,,,0,NONE,0,NONE,,,,,0,NO CODE,,,,,,,,,,,,,,0
1831624,3449557,3929424,1,1,1,1,DRVR,0,0,1,27,1.0,OR-Y,1.0,OR<25,9,NONE,2,BELT,0.0,,,,,,,,,0,NONE,47,BASCRULE,26.0,REAR-END,,,1,TOO-FAST,,,,,,,,,,86.0,0.0,0.0,3.0,0
1831624,3449558,3929425,2,2,1,1,DRVR,0,0,2,57,1.0,OR-Y,2.0,OR>25,4,INJC,2,BELT,0.0,,,,,,,,,0,NONE,0,NONE,,,,,0,NO CODE,,,,,,,,,,86.0,0.0,0.0,3.0,0
1831630,3449568,3929437,1,1,1,1,DRVR,1,0,1,28,1.0,OR-Y,1.0,OR<25,3,INJB,9,UNK,,,,,,,,,,25,FATIGUE,16,INATTENT,80.0,FAIL LN,81.0,OFF RD,16,FATIGUE,,,,,,,,,,,9.0,9.0,9.0,0
1831654,3449611,3929484,1,1,1,1,DRVR,0,0,2,20,1.0,OR-Y,1.0,OR<25,3,INJB,2,BELT,0.0,,,,,,,,,88,OTHER,11,IMP BACK,80.0,FAIL LN,81.0,OFF RD,10,OTHR-IMP,,,,,,,,,,,0.0,0.0,3.0,0
1831654,3449611,3929485,2,1,2,2,PSNG,0,0,1,23,,,,,3,INJB,2,BELT,0.0,,,,,,,,,0,NONE,0,NONE,,,,,0,NO CODE,,,,,,,,,,,,,,0
1832931,3451993,3932377,1,1,1,1,DRVR,0,0,1,38,1.0,OR-Y,1.0,OR<25,9,NONE,2,BELT,,,,,,,,,,0,NONE,51,RECKLESS,42.0,F/SLO MV,,,33,RECKLESS,,,,,,,,,,,,,,0
1832931,3451994,3932378,2,2,1,1,DRVR,0,0,2,30,1.0,OR-Y,1.0,OR<25,4,INJC,9,UNK,,,,,,,,,,0,NONE,0,NONE,,,,,0,NO CODE,,,,,,,,,,,,,,0
1834433,3454801,3935764,1,1,1,1,DRVR,0,0,2,17,1.0,OR-Y,1.0,OR<25,4,INJC,9,UNK,1.0,,,,,,,,,0,NONE,28,NO ROW,,,,,2,NO-YIELD,,,,,82.0,VEH HID,,,,86.0,0.0,0.0,3.0,0
1834433,3454802,3935765,2,2,1,1,DRVR,0,0,2,74,1.0,OR-Y,1.0,OR<25,4,INJC,2,BELT,1.0,,,,,,,,,0,NONE,0,NONE,,,,,0,NO CODE,,,,,82.0,VEH HID,,,,86.0,0.0,0.0,3.0,0
1834433,3454802,3935766,3,2,2,2,PSNG,0,0,2,74,,,,,4,INJC,2,BELT,1.0,,,,,,,,,0,NONE,0,NONE,,,,,0,NO CODE,,,,,,,,,,,,,,0
1834512,3454955,3935940,1,1,1,1,DRVR,0,0,1,35,2.0,OTH-Y,4.0,N-RES,9,NONE,2,BELT,0.0,,,,,,,,,0,NONE,2,CUT CORN,,,,,8,IMP-TURN,,,,,,,,,,,0.0,0.0,3.0,0
1834512,3454956,3935941,2,2,1,1,DRVR,0,0,2,39,1.0,OR-Y,1.0,OR<25,3,INJB,2,BELT,1.0,,,,,,,,,0,NONE,0,NONE,,,,,0,NO CODE,,,,,,,,,,,0.0,0.0,3.0,0
1836686,3459041,3940577,1,1,1,1,DRVR,0,0,1,27,1.0,OR-Y,1.0,OR<25,3,INJB,2,BELT,,,,,,,,,,17,LOSTCTRL,47,BASCRULE,80.0,FAIL LN,81.0,OFF RD,1,TOO-FAST,5.0,LEFT-CTR,,,,,,,,86.0,0.0,0.0,3.0,0
1836796,3459245,3940790,1,1,1,1,DRVR,0,0,1,44,2.0,OTH-Y,4.0,N-RES,4,INJC,2,BELT,0.0,,,,,,,,,38,DISTRACT,16,INATTENT,,,,,27,INATTENT,,,,,,,,,,86.0,0.0,0.0,3.0,0
1836796,3459246,3940791,2,2,1,1,DRVR,0,0,2,25,2.0,OTH-Y,4.0,N-RES,4,INJC,2,BELT,0.0,,,,,,,,,0,NONE,0,NONE,,,,,0,NO CODE,,,,,,,,,,86.0,0.0,0.0,3.0,0
1836822,3459289,3940838,1,1,1,1,DRVR,0,0,2,53,1.0,OR-Y,1.0,OR<25,4,INJC,2,BELT,1.0,,,,,,,,,38,DISTRACT,52,CARELESS,16.0,INATTENT,81.0,OFF RD,32,CARELESS,27.0,INATTENT,,,,,,,,86.0,0.0,0.0,3.0,0
1838357,3462185,3944187,1,1,1,1,DRVR,0,0,2,48,2.0,OTH-Y,4.0,N-RES,9,NONE,2,BELT,0.0,,,,,,,,,38,DISTRACT,16,INATTENT,,,,,27,INATTENT,,,,,,,,,,,0.0,0.0,3.0,0
1838357,3462186,3944188,2,2,1,1,DRVR,0,0,2,37,2.0,OTH-Y,4.0,N-RES,4,INJC,2,BELT,0.0,,,,,,,,,0,NONE,0,NONE,,,,,0,NO CODE,,,,,,,,,,,0.0,0.0,3.0,0
1838923,3463303,3945491,1,1,1,1,DRVR,0,0,1,53,2.0,OTH-Y,4.0,N-RES,9,NONE,9,UNK,,,,,,,,,,88,OTHER,47,BASCRULE,,,,,1,TOO-FAST,,,,,,,,,,,,,,0
1838923,3463304,3945492,2,2,1,1,DRVR,0,0,2,57,1.0,OR-Y,1.0,OR<25,4,INJC,9,UNK,,,,,,,,,,0,NONE,0,NONE,,,,,0,NO CODE,,,,,,,,,,,,,,0
1839017,3463506,3945730,1,1,1,1,DRVR,0,0,2,29,1.0,OR-Y,2.0,OR>25,9,NONE,2,BELT,0.0,,,,,,,,,38,DISTRACT,16,INATTENT,26.0,REAR-END,,,27,INATTENT,29.0,F AVOID,,,,,,,,,0.0,0.0,3.0,0
1839017,3463507,3945731,2,2,1,1,DRVR,0,0,2,66,1.0,OR-Y,2.0,OR>25,4,INJC,2,BELT,0.0,,,,,,,,,0,NONE,0,NONE,,,,,0,NO CODE,,,,,,,,,,,0.0,0.0,3.0,0
1840392,3466272,3948971,1,1,1,1,DRVR,0,0,1,27,1.0,OR-Y,1.0,OR<25,9,NONE,2,BELT,,,,,,,,,,0,NONE,52,CARELESS,20.0,DIS SGNL,,,32,CARELESS,4.0,DIS SIG,,,,,,,,,0.0,0.0,3.0,0
1840392,3466273,3948972,2,2,1,1,DRVR,0,0,2,18,2.0,OTH-Y,4.0,N-RES,9,NONE,2,BELT,0.0,,,,,,,,,0,NONE,0,NONE,,,,,0,NO CODE,,,,,,,,,,,0.0,0.0,3.0,0
1840392,3466273,3948973,3,2,2,2,PSNG,0,0,2,16,,,,,3,INJB,2,BELT,1.0,,,,,,,,,0,NONE,0,NONE,,,,,0,NO CODE,,,,,,,,,,,,,,0
1840416,3466318,3949027,1,1,1,1,DRVR,0,0,1,39,1.0,OR-Y,1.0,OR<25,9,NONE,2,BELT,,,,,,,,,,38,DISTRACT,16,INATTENT,,,,,27,INATTENT,,,,,,,,,,,0.0,0.0,3.0,0
1840416,3466319,3949028,2,2,1,1,DRVR,0,0,2,55,3.0,SUSP,1.0,OR<25,9,NONE,2,BELT,,,,,,,,,,0,NONE,0,NONE,,,,,0,NO CODE,,,,,,,,,,,0.0,0.0,3.0,0
1840416,3466320,3949029,3,3,1,1,DRVR,0,0,1,24,2.0,OTH-Y,4.0,N-RES,9,NONE,2,BELT,,,,,,,,,,0,NONE,0,NONE,,,,,0,NO CODE,,,,,,,,,,,0.0,0.0,3.0,0
1840416,3466321,3949030,4,4,1,1,DRVR,0,0,2,52,2.0,OTH-Y,4.0,N-RES,4,INJC,2,BELT,,,,,,,,,,0,NONE,0,NONE,,,,,0,NO CODE,,,,,,,,,,,0.0,0.0,3.0,0
1840416,3466322,3949031,5,5,1,1,DRVR,0,0,2,75,1.0,OR-Y,2.0,OR>25,9,NONE,2,BELT,,,,,,,,,,0,NONE,0,NONE,,,,,0,NO CODE,,,,,,,,,,,0.0,0.0,3.0,0
1840456,3466397,3949122,1,1,1,1,DRVR,0,0,2,39,1.0,OR-Y,1.0,OR<25,3,INJB,2,BELT,,,,,,,,,,17,LOSTCTRL,47,BASCRULE,,,,,1,TOO-FAST,,,,,,,,,,,0.0,0.0,3.0,0
1840558,3466590,3949366,1,1,1,1,DRVR,0,0,1,41,1.0,OR-Y,1.0,OR<25,9,NONE,2,BELT,0.0,,,,,,,,,0,NONE,47,BASCRULE,,,,,1,TOO-FAST,,,,,,,,,,,,,,0
1840558,3466590,3949367,2,1,2,2,PSNG,0,0,2,15,,,,,4,INJC,2,BELT,0.0,,,,,,,,,0,NONE,0,NONE,,,,,0,NO CODE,,,,,,,,,,,,,,0
1840558,3466591,3949368,3,2,1,1,DRVR,0,0,1,32,2.0,OTH-Y,4.0,N-RES,4,INJC,2,BELT,0.0,,,,,,,,,0,NONE,0,NONE,,,,,0,NO CODE,,,,,,,,,,,,,,0
1842847,3470972,3954623,1,1,1,1,DRVR,0,0,1,71,1.0,OR-Y,1.0,OR<25,9,NONE,2,BELT,0.0,,,,,,,,,0,NONE,28,NO ROW,,,,,2,NO-YIELD,,,,,,,,,,,,,,0
1842847,3470973,3954624,2,2,1,1,DRVR,0,0,1,31,1.0,OR-Y,1.0,OR<25,4,INJC,9,UNK,,,,,,,,,,0,NONE,0,NONE,,,,,0,NO CODE,,,,,,,,,,,,,,0
1843025,3471302,3955011,1,1,1,1,DRVR,0,0,1,38,2.0,OTH-Y,4.0,N-RES,3,INJB,2,BELT,1.0,,,,,,,,,17,LOSTCTRL,51,RECKLESS,47.0,BASCRULE,81.0,OFF RD,33,RECKLESS,1.0,TOO-FAST,,,,,,,,86.0,0.0,0.0,3.0,0
1843086,3471418,3955144,1,1,1,1,DRVR,0,0,2,23,2.0,OTH-Y,4.0,N-RES,3,INJB,2,BELT,1.0,,,,,,,,,88,OTHER,50,SPEED,80.0,FAIL LN,81.0,OFF RD,30,SPEED,,,,,,,,,,,,1.0,,0
1843086,3471418,3955145,2,1,2,2,PSNG,0,0,2,26,,,,,4,INJC,9,UNK,,,,,,,,,,0,NONE,0,NONE,,,,,0,NO CODE,,,,,,,,,,,,,,0
1843206,3471640,3955420,1,1,1,1,DRVR,0,0,1,25,1.0,OR-Y,1.0,OR<25,4,INJC,9,UNK,,,,,,,,,,0,NONE,0,NONE,,,,,0,NO CODE,,,,,,,,,,,,,,0
1843206,3471641,3955421,2,2,1,1,DRVR,0,0,2,37,1.0,OR-Y,1.0,OR<25,9,NONE,2,BELT,1.0,,,,,,,,,0,NONE,4,L IN TRF,28.0,NO ROW,,,8,IMP-TURN,2.0,NO-YIELD,,,,,,,,,,,,0
1843206,3471641,3955422,3,2,2,2,PSNG,0,0,2,11,,,,,3,INJB,2,BELT,1.0,,,,,,,,,0,NONE,0,NONE,,,,,0,NO CODE,,,,,,,,,,,,,,0
1847680,3480173,3965636,1,1,1,1,DRVR,0,0,1,61,1.0,OR-Y,4.0,N-RES,2,INJA,2,BELT,,,,,,,,,,28,ILLNESS,80,FAIL LN,81.0,OFF RD,,,17,ILLNESS,,,,,,,,,,,0.0,0.0,3.0,0
1854705,3493353,3981183,1,1,1,1,DRVR,0,0,9,0,9.0,UNK,9.0,UNK,9,NONE,9,UNK,,,,,,,,,,0,NONE,0,NONE,,,,,0,NO CODE,,,,,,,,,,86.0,0.0,0.0,3.0,0
1854705,3493354,3981184,2,2,1,1,DRVR,0,0,9,0,9.0,UNK,9.0,UNK,9,NONE,9,UNK,,,,,,,,,,0,NONE,0,NONE,,,,,0,NO CODE,,,,,,,,,,86.0,0.0,0.0,3.0,0
1854777,3493468,3981296,1,1,1,1,DRVR,0,0,9,0,9.0,UNK,9.0,UNK,9,NONE,9,UNK,,,,,,,,,,0,NONE,0,NONE,,,,,0,NO CODE,,,,,,,,,,87.0,1.0,,,0
1860302,3503161,3990682,1,1,1,1,DRVR,0,0,9,0,9.0,UNK,9.0,UNK,9,NONE,9,UNK,,,,,,,,,,0,NONE,0,NONE,,,,,0,NO CODE,,,,,,,,,,86.0,0.0,0.0,3.0,0
1860477,3503465,3990975,1,1,1,1,DRVR,0,0,9,0,9.0,UNK,9.0,UNK,9,NONE,9,UNK,,,,,,,,,,0,NONE,0,NONE,,,,,0,NO CODE,,,,,,,,,,,,,,0
1860477,3503466,3990976,2,2,1,1,DRVR,0,0,9,0,9.0,UNK,9.0,UNK,9,NONE,9,UNK,,,,,,,,,,0,NONE,0,NONE,,,,,0,NO CODE,,,,,,,,,,,,,,0
1865679,3512754,3999965,1,1,1,1,DRVR,0,0,9,0,9.0,UNK,9.0,UNK,9,NONE,9,UNK,,,,,,,,,,0,NONE,0,NONE,,,,,0,NO CODE,,,,,,,,,,86.0,0.0,0.0,3.0,0
1865679,3512755,3999966,2,2,1,1,DRVR,0,0,9,0,9.0,UNK,9.0,UNK,9,NONE,9,UNK,,,,,,,,,,0,NONE,0,NONE,,,,,0,NO CODE,,,,,,,,,,86.0,0.0,0.0,3.0,0
1867627,3516131,4003245,1,1,1,1,DRVR,0,0,9,0,9.0,UNK,9.0,UNK,9,NONE,9,UNK,,,,,,,,,,0,NONE,0,NONE,,,,,0,NO CODE,,,,,,,,,,,0.0,0.0,3.0,0
1867627,3516132,4003246,2,2,1,1,DRVR,0,0,9,0,9.0,UNK,9.0,UNK,9,NONE,9,UNK,,,,,,,,,,0,NONE,0,NONE,,,,,0,NO CODE,,,,,,,,,,,0.0,0.0,3.0,0
1869143,3518807,4005844,1,1,1,1,DRVR,0,0,9,0,9.0,UNK,9.0,UNK,9,NONE,9,UNK,,,,,,,,,,0,NONE,0,NONE,,,,,0,NO CODE,,,,,,,,,,,0.0,0.0,3.0,0
1869143,3518808,4005845,2,2,1,1,DRVR,0,0,9,0,9.0,UNK,9.0,UNK,9,NONE,9,UNK,,,,,,,,,,0,NONE,0,NONE,,,,,0,NO CODE,,,,,,,,,,,0.0,0.0,3.0,0
1869149,3518817,4005853,1,1,1,1,DRVR,0,0,9,0,9.0,UNK,9.0,UNK,9,NONE,9,UNK,,,,,,,,,,0,NONE,0,NONE,,,,,0,NO CODE,,,,,,,,,,,0.0,0.0,3.0,0
1869149,3518818,4005854,2,2,1,1,DRVR,0,0,9,0,9.0,UNK,9.0,UNK,9,NONE,9,UNK,,,,,,,,,,0,NONE,0,NONE,,,,,0,NO CODE,,,,,,,,,,,0.0,0.0,3.0,0
1869159,3518832,4005867,1,1,1,1,DRVR,0,0,9,0,9.0,UNK,9.0,UNK,9,NONE,9,UNK,,,,,,,,,,0,NONE,0,NONE,,,,,0,NO CODE,,,,,,,,,,86.0,0.0,0.0,3.0,0
1869159,3518833,4005868,2,2,1,1,DRVR,0,0,9,0,9.0,UNK,9.0,UNK,9,NONE,9,UNK,,,,,,,,,,0,NONE,0,NONE,,,,,0,NO CODE,,,,,,,,,,86.0,0.0,0.0,3.0,0
1869162,3518838,4005873,1,1,1,1,DRVR,0,0,9,0,9.0,UNK,9.0,UNK,9,NONE,9,UNK,,,,,,,,,,0,NONE,0,NONE,,,,,0,NO CODE,,,,,,,,,,,,,,0
1869162,3518839,4005874,2,2,1,1,DRVR,0,0,9,0,9.0,UNK,9.0,UNK,9,NONE,9,UNK,,,,,,,,,,0,NONE,0,NONE,,,,,0,NO CODE,,,,,,,,,,,,,,0
1869202,3518909,4005941,1,1,1,1,DRVR,0,0,9,0,9.0,UNK,9.0,UNK,9,NONE,9,UNK,,,,,,,,,,0,NONE,0,NONE,,,,,0,NO CODE,,,,,,,,,,86.0,0.0,0.0,3.0,0
1870990,3522100,4009018,1,1,1,1,DRVR,0,0,9,0,9.0,UNK,9.0,UNK,9,NONE,9,UNK,,,,,,,,,,0,NONE,0,NONE,,,,,0,NO CODE,,,,,,,,,,,0.0,0.0,3.0,0
1870990,3522101,4009019,2,2,1,1,DRVR,0,0,9,0,9.0,UNK,9.0,UNK,9,NONE,9,UNK,,,,,,,,,,0,NONE,0,NONE,,,,,0,NO CODE,,,,,,,,,,,0.0,0.0,3.0,0
1871012,3522136,4009053,1,1,1,1,DRVR,0,0,9,0,9.0,UNK,9.0,UNK,9,NONE,9,UNK,,,,,,,,,,0,NONE,0,NONE,,,,,0,NO CODE,,,,,,,,,,,0.0,0.0,3.0,0
1871012,3522137,4009054,2,2,1,1,DRVR,0,0,9,0,9.0,UNK,9.0,UNK,9,NONE,9,UNK,,,,,,,,,,0,NONE,0,NONE,,,,,0,NO CODE,,,,,,,,,,,0.0,0.0,3.0,0
1872731,3525134,4011927,1,1,1,1,DRVR,0,0,9,0,9.0,UNK,9.0,UNK,9,NONE,9,UNK,,,,,,,,,,0,NONE,0,NONE,,,,,0,NO CODE,,,,,,,,,,86.0,0.0,0.0,3.0,0
1873047,3525672,4012449,1,1,1,1,DRVR,0,0,9,0,9.0,UNK,9.0,UNK,9,NONE,9,UNK,,,,,,,,,,0,NONE,0,NONE,,,,,0,NO CODE,,,,,,,,,,,,,,0
1873089,3525746,4012524,1,1,1,1,DRVR,0,0,9,0,9.0,UNK,9.0,UNK,9,NONE,9,UNK,,,,,,,,,,0,NONE,0,NONE,,,,,0,NO CODE,,,,,,,,,,,0.0,0.0,3.0,0
1873089,3525747,4012525,2,2,1,1,DRVR,0,0,9,0,9.0,UNK,9.0,UNK,9,NONE,9,UNK,,,,,,,,,,0,NONE,0,NONE,,,,,0,NO CODE,,,,,,,,,,,0.0,0.0,3.0,0
1873212,3525956,4012729,1,1,1,1,DRVR,0,0,9,0,9.0,UNK,9.0,UNK,9,NONE,9,UNK,,,,,,,,,,0,NONE,0,NONE,,,,,0,NO CODE,,,,,,,,,,0.0,,1.0,,0
1874696,3528476,4015187,1,1,1,1,DRVR,0,0,9,0,9.0,UNK,9.0,UNK,9,NONE,9,UNK,,,,,,,,,,0,NONE,0,NONE,,,,,0,NO CODE,,,,,,,,,,87.0,,1.0,1.0,0
1874794,3528634,4015342,1,1,1,1,DRVR,0,0,9,0,9.0,UNK,9.0,UNK,9,NONE,9,UNK,,,,,,,,,,0,NONE,0,NONE,,,,,0,NO CODE,,,,,,,,,,,0.0,0.0,3.0,0
1874794,3528635,4015343,2,2,1,1,DRVR,0,0,9,0,9.0,UNK,9.0,UNK,9,NONE,9,UNK,,,,,,,,,,0,NONE,0,NONE,,,,,0,NO CODE,,,,,,,,,,,0.0,0.0,3.0,0
1875136,3529181,4015873,1,1,1,1,DRVR,0,0,9,0,9.0,UNK,9.0,UNK,9,NONE,9,UNK,,,,,,,,,,0,NONE,0,NONE,,,,,0,NO CODE,,,,,,,,,,,0.0,0.0,3.0,0
1875240,3529349,4016040,1,1,1,1,DRVR,0,0,9,0,9.0,UNK,9.0,UNK,9,NONE,9,UNK,,,,,,,,,,0,NONE,0,NONE,,,,,0,NO CODE,,,,,,,,,,,0.0,0.0,3.0,0
1875377,3529572,4016249,1,1,1,1,DRVR,0,0,9,0,9.0,UNK,9.0,UNK,9,NONE,9,UNK,,,,,,,,,,0,NONE,0,NONE,,,,,0,NO CODE,,,,,,,,,,,0.0,0.0,3.0,0
1875401,3529611,4016287,1,1,1,1,DRVR,0,0,9,0,9.0,UNK,9.0,UNK,9,NONE,9,UNK,,,,,,,,,,0,NONE,0,NONE,,,,,0,NO CODE,,,,,,,,,,,0.0,0.0,3.0,0
1875401,3529612,4016288,2,2,1,1,DRVR,0,0,9,0,9.0,UNK,9.0,UNK,9,NONE,9,UNK,,,,,,,,,,0,NONE,0,NONE,,,,,0,NO CODE,,,,,,,,,,,0.0,0.0,3.0,0
1875502,3529780,4016453,1,1,1,1,DRVR,0,0,9,0,9.0,UNK,9.0,UNK,9,NONE,9,UNK,,,,,,,,,,0,NONE,0,NONE,,,,,0,NO CODE,,,,,,,,,,,0.0,0.0,3.0,0
1875502,3529781,4016454,2,2,1,1,DRVR,0,0,9,0,9.0,UNK,9.0,UNK,9,NONE,9,UNK,,,,,,,,,,0,NONE,0,NONE,,,,,0,NO CODE,,,,,,,,,,,0.0,0.0,3.0,0
1875535,3529832,4016506,1,1,1,1,DRVR,0,0,9,0,9.0,UNK,9.0,UNK,9,NONE,9,UNK,,,,,,,,,,0,NONE,0,NONE,,,,,0,NO CODE,,,,,,,,,,,,,,0
1875535,3529833,4016507,2,2,1,1,DRVR,0,0,9,0,9.0,UNK,9.0,UNK,9,NONE,9,UNK,,,,,,,,,,0,NONE,0,NONE,,,,,0,NO CODE,,,,,,,,,,,,,,0
1875974,3530532,4017181,1,1,1,1,DRVR,0,0,1,55,1.0,OR-Y,1.0,OR<25,3,INJB,2,BELT,1.0,,,,,,,,,0,NONE,43,TOO CLOSE,47.0,BASCRULE,,,1,TOO-FAST,7.0,TOO-CLOS,,,,,,,,86.0,0.0,0.0,3.0,0
1875974,3530533,4017182,2,2,1,1,DRVR,0,0,1,38,1.0,OR-Y,1.0,OR<25,9,NONE,2,BELT,0.0,,,,,,,,,0,NONE,0,NONE,,,,,0,NO CODE,,,,,,,,,,86.0,0.0,0.0,3.0,0
1875974,3530534,4017183,3,3,1,1,DRVR,0,0,2,40,2.0,OTH-Y,4.0,N-RES,9,NONE,2,BELT,0.0,,,,,,,,,0,NONE,0,NONE,,,,,0,NO CODE,,,,,,,,,,86.0,0.0,0.0,3.0,0
1877186,3532540,4019766,1,1,1,1,DRVR,0,0,1,38,3.0,SUSP,1.0,OR<25,4,INJC,2,BELT,1.0,,,,,,,,,88,OTHER,80,FAIL LN,,,,,5,LEFT-CTR,,,,,,,,,,,0.0,0.0,3.0,0
1877186,3532541,4019767,2,2,1,1,DRVR,0,0,2,43,1.0,OR-Y,1.0,OR<25,2,INJA,2,BELT,1.0,,,,,,,,,0,NONE,0,NONE,,,,,0,NO CODE,,,,,,,,,,,0.0,0.0,3.0,0
1877186,3532541,4019768,3,2,2,2,PSNG,0,0,2,21,,,,,3,INJB,2,BELT,1.0,,,,,,,,,0,NONE,0,NONE,,,,,0,NO CODE,,,,,,,,,,,,,,0
1877186,3532541,4019769,4,2,3,2,PSNG,0,0,1,25,,,,,3,INJB,2,BELT,,,,,,,,,,0,NONE,0,NONE,,,,,0,NO CODE,,,,,,,,,,,,,,0
1877585,3533199,4020576,1,1,1,1,DRVR,0,0,1,57,2.0,OTH-Y,4.0,N-RES,4,INJC,9,UNK,,,,,,,,,,17,LOSTCTRL,47,BASCRULE,81.0,OFF RD,,,1,TOO-FAST,,,,,,,,,,,,,,0
1877868,3533712,4021192,1,1,1,1,DRVR,0,0,1,29,1.0,OR-Y,1.0,OR<25,9,NONE,9,UNK,,,,,,,,,,0,NONE,10,IMP SIG,28.0,NO ROW,,,2,NO-YIELD,8.0,IMP-TURN,,,,,,,,,,,,0
1877868,3533713,4021193,2,2,1,1,DRVR,0,0,1,45,1.0,OR-Y,2.0,OR>25,4,INJC,2,BELT,,,,,,,,,,0,NONE,0,NONE,,,,,0,NO CODE,,,,,,,,,,,,,,0
1878579,3535026,4022772,1,1,1,1,DRVR,0,0,2,35,3.0,SUSP,1.0,OR<25,4,INJC,2,BELT,,,,,,,,,,0,NONE,0,NONE,,,,,0,NO CODE,,,,,,,,,,,0.0,0.0,3.0,0
1878579,3535026,4022773,2,1,2,2,PSNG,0,0,2,9,,,,,4,INJC,4,CHILD,,,,,,,,,,0,NONE,0,NONE,,,,,0,NO CODE,,,,,,,,,,,,,,0
1878579,3535026,4022774,3,1,3,2,PSNG,0,0,2,4,,,,,4,INJC,4,CHILD,,,,,,,,,,0,NONE,0,NONE,,,,,0,NO CODE,,,,,,,,,,,,,,0
1878579,3535027,4022775,4,2,1,1,DRVR,0,0,2,88,1.0,OR-Y,1.0,OR<25,1,KILL,9,UNK,,,,,,,,,,0,NONE,8,ILLEG U,,,,,8,IMP-TURN,,,,,,,,,,,0.0,0.0,3.0,0
1881027,3539537,4028257,1,1,1,1,DRVR,0,0,2,80,1.0,OR-Y,1.0,OR<25,3,INJB,2,BELT,1.0,,,,,,,,,0,NONE,0,NONE,,,,,0,NO CODE,,,,,,,,,,,0.0,0.0,3.0,0
1881027,3539538,4028258,2,2,1,1,DRVR,0,0,2,77,1.0,OR-Y,1.0,OR<25,3,INJB,2,BELT,1.0,,,,,,,,,0,NONE,28,NO ROW,,,,,2,NO-YIELD,,,,,82.0,VEH HID,,,,,0.0,0.0,3.0,0
1883736,3544447,4034213,1,1,1,1,DRVR,0,0,1,59,2.0,OTH-Y,4.0,N-RES,9,NONE,2,BELT,0.0,,,,,,,,,0,NONE,50,SPEED,26.0,REAR-END,,,30,SPEED,,,,,,,,,,86.0,0.0,0.0,3.0,0
1883736,3544448,4034214,2,2,1,1,DRVR,0,0,1,43,1.0,OR-Y,1.0,OR<25,4,INJC,2,BELT,0.0,,,,,,,,,0,NONE,50,SPEED,,,,,30,SPEED,,,,,,,,,,86.0,0.0,0.0,3.0,0
1883736,3544449,4034215,3,3,1,1,DRVR,0,0,1,36,1.0,OR-Y,1.0,OR<25,9,NONE,2,BELT,0.0,,,,,,,,,0,NONE,0,NONE,,,,,0,NO CODE,,,,,,,,,,86.0,0.0,0.0,3.0,0
1883754,3544484,4034261,1,1,1,1,DRVR,0,0,2,36,1.0,OR-Y,1.0,OR<25,3,INJB,2,BELT,1.0,,,,,,,,,0,NONE,0,NONE,,,,,0,NO CODE,,,,,,,,,,,0.0,0.0,3.0,0
1883754,3544484,4034262,2,1,2,2,PSNG,0,0,1,13,,,,,3,INJB,2,BELT,1.0,,,,,,,,,0,NONE,0,NONE,,,,,0,NO CODE,,,,,,,,,,,,,,0
1883754,3544484,4034263,3,1,3,2,PSNG,0,0,1,6,,,,,4,INJC,4,CHILD,1.0,,,,,,,,,0,NONE,0,NONE,,,,,0,NO CODE,,,,,,,,,,,,,,0
1883754,3544485,4034264,4,2,1,1,DRVR,0,0,2,45,1.0,OR-Y,1.0,OR<25,9,NONE,2,BELT,1.0,,,,,,,,,0,NONE,28,NO ROW,,,,,2,NO-YIELD,,,,,,,,,,,0.0,0.0,3.0,0
1883754,3544486,4034265,5,3,1,1,DRVR,0,0,2,73,2.0,OTH-Y,4.0,N-RES,9,NONE,2,BELT,0.0,,,,,,,,,0,NONE,0,NONE,,,,,0,NO CODE,,,,,,,,,,,0.0,0.0,3.0,0
1885091,3546982,4037250,1,1,1,1,DRVR,0,0,1,19,1.0,OR-Y,1.0,OR<25,4,INJC,2,BELT,0.0,,,,,,,,,88,OTHER,42,F/SLO MV,50.0,SPEED,,,40,VIEW OBS,30.0,SPEED,,,132.0,WINDOW HID,,,,,0.0,0.0,3.0,0
1885091,3546983,4037251,2,2,1,1,DRVR,0,0,1,19,1.0,OR-Y,1.0,OR<25,9,NONE,2,BELT,1.0,,,,,,,,,0,NONE,0,NONE,,,,,0,NO CODE,,,,,,,,,,,0.0,0.0,3.0,0
1885134,3547053,4037331,1,1,1,1,DRVR,0,0,2,30,1.0,OR-Y,1.0,OR<25,9,NONE,2,BELT,,,,,,,,,,38,DISTRACT,16,INATTENT,,,,,27,INATTENT,,,,,,,,,,,0.0,0.0,3.0,0
1885134,3547054,4037332,2,2,1,1,DRVR,0,0,1,56,1.0,OR-Y,1.0,OR<25,4,INJC,2,BELT,,,,,,,,,,0,NONE,0,NONE,,,,,0,NO CODE,,,,,,,,,,,0.0,0.0,3.0,0
1886757,3550024,4040932,1,1,1,1,DRVR,0,0,1,34,2.0,OTH-Y,4.0,N-RES,9,NONE,2,BELT,,,,,,,,,,88,OTHER,44,STRDL LN,,,,,5,LEFT-CTR,,,,,,,,,,86.0,0.0,0.0,3.0,0
1886757,3550025,4040933,2,2,1,1,DRVR,0,0,2,58,1.0,OR-Y,1.0,OR<25,3,INJB,2,BELT,0.0,,,,,,,,,0,NONE,0,NONE,,,,,0,NO CODE,,,,,,,,,,86.0,0.0,0.0,3.0,0
1886774,3550057,4040975,1,1,1,1,DRVR,0,0,1,54,2.0,OTH-Y,4.0,N-RES,9,NONE,2,BELT,,,,,,,,,,88,OTHER,26,REAR-END,,,,,29,F AVOID,,,,,,,,,,,,,,0
1886774,3550058,4040976,2,2,1,1,DRVR,0,0,2,46,2.0,OTH-Y,4.0,N-RES,4,INJC,2,BELT,0.0,,,,,,,,,0,NONE,0,NONE,,,,,0,NO CODE,,,,,,,,,,,,,,0
1886778,3550068,4040986,1,1,1,1,DRVR,0,0,1,38,2.0,OTH-Y,4.0,N-RES,4,INJC,2,BELT,,,,,,,,,,0,NONE,43,TOO CLOSE,,,,,7,TOO-CLOS,,,,,,,,,,,0.0,0.0,3.0,0
1886778,3550069,4040987,2,2,1,1,DRVR,0,0,1,66,1.0,OR-Y,1.0,OR<25,9,NONE,2,BELT,,,,,,,,,,0,NONE,0,NONE,,,,,0,NO CODE,,,,,,,,,,,0.0,0.0,3.0,0
1890860,3557672,4050130,1,1,1,1,DRVR,0,0,1,16,1.0,OR-Y,1.0,OR<25,3,INJB,2,BELT,0.0,,,,,,,,,88,OTHER,50,SPEED,80.0,FAIL LN,81.0,OFF RD,30,SPEED,,,,,,,,,,86.0,0.0,0.0,3.0,0
1890870,3557689,4050150,1,1,1,1,DRVR,0,0,1,34,1.0,OR-Y,1.0,OR<25,9,NONE,2,BELT,0.0,,,,,,,,,38,DISTRACT,43,TOO CLOSE,47.0,BASCRULE,16.0,INATTENT,7,TOO-CLOS,1.0,TOO-FAST,27.0,INATTENT,,,,,,86.0,0.0,0.0,3.0,0
1890870,3557690,4050151,2,2,1,1,DRVR,0,0,1,22,1.0,OR-Y,1.0,OR<25,4,INJC,2,BELT,0.0,,,,,,,,,0,NONE,0,NONE,,,,,0,NO CODE,,,,,,,,,,86.0,0.0,0.0,3.0,0
1890870,3557690,4050152,3,2,2,2,PSNG,0,0,2,20,,,,,4,INJC,2,BELT,0.0,,,,,,,,,0,NONE,0,NONE,,,,,0,NO CODE,,,,,,,,,,,,,,0
1890870,3557690,4050153,4,2,3,2,PSNG,0,0,2,19,,,,,4,INJC,2,BELT,0.0,,,,,,,,,0,NONE,0,NONE,,,,,0,NO CODE,,,,,,,,,,,,,,0
1892479,3560710,4053812,1,1,1,1,DRVR,0,0,2,73,1.0,OR-Y,1.0,OR<25,3,INJB,9,UNK,,,,,,,,,,0,NONE,28,NO ROW,,,,,2,NO-YIELD,,,,,,,,,,86.0,0.0,0.0,3.0,0
1892479,3560711,4053813,2,2,1,1,DRVR,0,0,2,51,2.0,OTH-Y,4.0,N-RES,3,INJB,2,BELT,1.0,,,,,,,,,0,NONE,0,NONE,,,,,0,NO CODE,,,,,,,,,,86.0,0.0,0.0,3.0,0
1892529,3560808,4053926,1,1,1,1,DRVR,0,0,1,34,1.0,OR-Y,2.0,OR>25,3,INJB,2,BELT,1.0,,,,,,,,,25,FATIGUE,16,INATTENT,81.0,OFF RD,,,17,ILLNESS,16.0,FATIGUE,,,,,,,,,0.0,0.0,3.0,0
1892533,3560815,4053934,1,1,1,1,DRVR,0,0,1,57,2.0,OTH-Y,4.0,N-RES,3,INJB,2,BELT,0.0,,,,,,,,,0,NONE,52,CARELESS,47.0,BASCRULE,43.0,TOO CLOSE,32,CARELESS,1.0,TOO-FAST,7.0,TOO-CLOS,,,,,,86.0,0.0,0.0,3.0,0
1892533,3560816,4053935,2,2,1,1,DRVR,0,0,2,19,2.0,OTH-Y,4.0,N-RES,9,NONE,2,BELT,0.0,,,,,,,,,0,NONE,0,NONE,,,,,0,NO CODE,,,,,,,,,,86.0,0.0,0.0,3.0,0
1892533,3560817,4053936,3,3,1,1,DRVR,0,0,2,21,2.0,OTH-Y,4.0,N-RES,4,INJC,2,BELT,,,,,,,,,,0,NONE,0,NONE,,,,,0,NO CODE,,,,,,,,,,86.0,0.0,0.0,3.0,0
1892533,3560817,4053937,4,3,2,2,PSNG,0,0,2,21,,,,,4,INJC,2,BELT,,,,,,,,,,0,NONE,0,NONE,,,,,0,NO CODE,,,,,,,,,,,,,,0
1893715,3562971,4056495,1,1,1,1,DRVR,0,0,1,30,2.0,OTH-Y,4.0,N-RES,4,INJC,2,BELT,0.0,,,,,,,,,0,NONE,47,BASCRULE,26.0,REAR-END,,,32,CARELESS,1.0,TOO-FAST,27.0,INATTENT,,,,,,,,,,0
1893715,3562972,4056496,2,2,1,1,DRVR,0,0,1,45,2.0,OTH-Y,4.0,N-RES,9,NONE,2,BELT,,,,,,,,,,0,NONE,0,NONE,,,,,0,NO CODE,,,,,,,,,,,,,,0
1893771,3563072,4056624,1,1,1,1,DRVR,0,0,1,19,2.0,OTH-Y,4.0,N-RES,4,INJC,2,BELT,0.0,,,,,,,,,0,NONE,26,REAR-END,,,,,29,F AVOID,10.0,OTHR-IMP,27.0,INATTENT,,,,,,,,,,0
1893771,3563073,4056625,2,2,1,1,DRVR,0,0,2,57,2.0,OTH-Y,4.0,N-RES,9,NONE,2,BELT,1.0,,,,,,,,,0,NONE,0,NONE,,,,,0,NO CODE,,,,,,,,,,,,,,0
1893985,3563439,4057047,1,1,1,1,DRVR,0,0,2,44,1.0,OR-Y,1.0,OR<25,9,NONE,2,BELT,0.0,,,,,,,,,17,LOSTCTRL,47,BASCRULE,80.0,FAIL LN,,,32,CARELESS,1.0,TOO-FAST,15.0,WRNG WAY,,,,,,,,,,0
1893985,3563440,4057048,2,2,1,1,DRVR,0,0,1,28,1.0,OR-Y,1.0,OR<25,3,INJB,2,BELT,1.0,,,,,,,,,0,NONE,0,NONE,,,,,0,NO CODE,,,,,,,,,,,,,,0
1894792,3564866,4058719,1,1,1,1,DRVR,0,0,2,33,2.0,OTH-Y,4.0,N-RES,9,NONE,9,UNK,,,,,,,,,,0,NONE,26,REAR-END,,,,,29,F AVOID,,,,,,,,,,,0.0,0.0,3.0,0
1894792,3564867,4058720,2,2,1,1,DRVR,0,0,2,22,2.0,OTH-Y,1.0,OR<25,4,INJC,2,BELT,,,,,,,,,,0,NONE,0,NONE,,,,,0,NO CODE,,,,,,,,,,,0.0,0.0,3.0,0
1895597,3566325,4060355,1,1,1,1,DRVR,0,0,9,0,9.0,UNK,9.0,UNK,9,NONE,9,UNK,,,,,,,,,,0,NONE,0,NONE,,,,,0,NO CODE,,,,,,,,,,,,,,0
1895600,3566330,4060360,1,1,1,1,DRVR,0,0,9,0,9.0,UNK,9.0,UNK,9,NONE,9,UNK,,,,,,,,,,0,NONE,0,NONE,,,,,0,NO CODE,,,,,,,,,,,,,,0
1895600,3566331,4060361,2,2,1,1,DRVR,0,0,9,0,9.0,UNK,9.0,UNK,9,NONE,9,UNK,,,,,,,,,,0,NONE,0,NONE,,,,,0,NO CODE,,,,,,,,,,,,,,0
1895699,3566480,4060507,1,1,1,1,DRVR,0,0,9,0,9.0,UNK,9.0,UNK,9,NONE,9,UNK,,,,,,,,,,0,NONE,0,NONE,,,,,0,NO CODE,,,,,,,,,,86.0,0.0,0.0,3.0,0
1895721,3566520,4060549,1,1,1,1,DRVR,0,0,9,0,9.0,UNK,9.0,UNK,9,NONE,9,UNK,,,,,,,,,,0,NONE,0,NONE,,,,,0,NO CODE,,,,,,,,,,,0.0,0.0,3.0,0
1895745,3566564,4060588,1,1,1,1,DRVR,0,0,9,0,9.0,UNK,9.0,UNK,9,NONE,9,UNK,,,,,,,,,,0,NONE,0,NONE,,,,,0,NO CODE,,,,,,,,,,,,,,0
1895745,3566565,4060589,2,2,1,1,DRVR,0,0,9,0,9.0,UNK,9.0,UNK,9,NONE,9,UNK,,,,,,,,,,0,NONE,0,NONE,,,,,0,NO CODE,,,,,,,,,,,,,,0
1897515,3569605,4063549,1,1,1,1,DRVR,0,0,9,0,9.0,UNK,9.0,UNK,9,NONE,9,UNK,,,,,,,,,,0,NONE,0,NONE,,,,,0,NO CODE,,,,,,,,,,,,,,0
1897515,3569606,4063550,2,2,1,1,DRVR,0,0,9,0,9.0,UNK,9.0,UNK,9,NONE,9,UNK,,,,,,,,,,0,NONE,0,NONE,,,,,0,NO CODE,,,,,,,,,,,,,,0
1897688,3569903,4063842,1,1,1,1,DRVR,0,0,9,0,9.0,UNK,9.0,UNK,9,NONE,9,UNK,,,,,,,,,,0,NONE,0,NONE,,,,,0,NO CODE,,,,,,,,,,,,,,0
1897688,3569904,4063843,2,2,1,1,DRVR,0,0,9,0,9.0,UNK,9.0,UNK,9,NONE,9,UNK,,,,,,,,,,0,NONE,0,NONE,,,,,0,NO CODE,,,,,,,,,,,,,,0
1900288,3574373,4068187,1,1,1,1,DRVR,0,0,9,0,9.0,UNK,9.0,UNK,9,NONE,9,UNK,,,,,,,,,,0,NONE,0,NONE,,,,,0,NO CODE,,,,,,,,,,,,,,0
1900288,3574374,4068188,2,2,1,1,DRVR,0,0,9,0,9.0,UNK,9.0,UNK,9,NONE,9,UNK,,,,,,,,,,0,NONE,0,NONE,,,,,0,NO CODE,,,,,,,,,,,,,,0
1900335,3574460,4068275,1,1,1,1,DRVR,0,0,9,0,9.0,UNK,9.0,UNK,9,NONE,9,UNK,,,,,,,,,,0,NONE,0,NONE,,,,,0,NO CODE,,,,,,,,,,,0.0,0.0,3.0,0
1900335,3574461,4068276,2,2,1,1,DRVR,0,0,9,0,9.0,UNK,9.0,UNK,9,NONE,9,UNK,,,,,,,,,,0,NONE,0,NONE,,,,,0,NO CODE,,,,,,,,,,,0.0,0.0,3.0,0
1900365,3574513,4068328,1,1,1,1,DRVR,0,0,9,0,9.0,UNK,9.0,UNK,9,NONE,9,UNK,,,,,,,,,,0,NONE,0,NONE,,,,,0,NO CODE,,,,,,,,,,86.0,0.0,0.0,3.0,0
1900365,3574514,4068329,2,2,1,1,DRVR,0,0,9,0,9.0,UNK,9.0,UNK,9,NONE,9,UNK,,,,,,,,,,0,NONE,0,NONE,,,,,0,NO CODE,,,,,,,,,,86.0,0.0,0.0,3.0,0
1900411,3574594,4068405,1,1,1,1,DRVR,0,0,9,0,9.0,UNK,9.0,UNK,9,NONE,9,UNK,,,,,,,,,,0,NONE,0,NONE,,,,,0,NO CODE,,,,,,,,,,86.0,0.0,0.0,0.0,0
1900411,3574595,4068406,2,2,1,1,DRVR,0,0,9,0,9.0,UNK,9.0,UNK,9,NONE,9,UNK,,,,,,,,,,0,NONE,0,NONE,,,,,0,NO CODE,,,,,,,,,,86.0,9.0,9.0,9.0,0
1900909,3575472,4069276,1,1,1,1,DRVR,0,0,9,0,9.0,UNK,9.0,UNK,9,NONE,9,UNK,,,,,,,,,,0,NONE,0,NONE,,,,,0,NO CODE,,,,,,,,,,,0.0,0.0,3.0,0
1900941,3575528,4069330,1,1,1,1,DRVR,0,0,9,0,9.0,UNK,9.0,UNK,9,NONE,9,UNK,,,,,,,,,,0,NONE,0,NONE,,,,,0,NO CODE,,,,,,,,,,,,,,0
1900941,3575529,4069331,2,2,1,1,DRVR,0,0,9,0,9.0,UNK,9.0,UNK,9,NONE,9,UNK,,,,,,,,,,0,NONE,0,NONE,,,,,0,NO CODE,,,,,,,,,,,,,,0
1900954,3575551,4069353,1,1,1,1,DRVR,0,0,9,0,9.0,UNK,9.0,UNK,9,NONE,9,UNK,,,,,,,,,,0,NONE,0,NONE,,,,,0,NO CODE,,,,,,,,,,,0.0,0.0,3.0,0
1900954,3575552,4069354,2,2,1,1,DRVR,0,0,9,0,9.0,UNK,9.0,UNK,9,NONE,9,UNK,,,,,,,,,,0,NONE,0,NONE,,,,,0,NO CODE,,,,,,,,,,,0.0,0.0,3.0,0
1901052,3575715,4069508,1,1,1,1,DRVR,0,0,9,0,9.0,UNK,9.0,UNK,9,NONE,9,UNK,,,,,,,,,,0,NONE,0,NONE,,,,,0,NO CODE,,,,,,,,,,,,,,0
1901052,3575716,4069509,2,2,1,1,DRVR,0,0,9,0,9.0,UNK,9.0,UNK,9,NONE,9,UNK,,,,,,,,,,0,NONE,0,NONE,,,,,0,NO CODE,,,,,,,,,,,,,,0
1901073,3575752,4069541,1,1,1,1,DRVR,0,0,9,0,9.0,UNK,9.0,UNK,9,NONE,9,UNK,,,,,,,,,,0,NONE,0,NONE,,,,,0,NO CODE,,,,,,,,,,,0.0,0.0,3.0,0
1901161,3575897,4069675,1,1,1,1,DRVR,0,0,9,0,9.0,UNK,9.0,UNK,9,NONE,9,UNK,,,,,,,,,,0,NONE,0,NONE,,,,,0,NO CODE,,,,,,,,,,,,,,0
1901161,3575898,4069676,2,2,1,1,DRVR,0,0,9,0,9.0,UNK,9.0,UNK,9,NONE,9,UNK,,,,,,,,,,0,NONE,0,NONE,,,,,0,NO CODE,,,,,,,,,,,,,,0
1901171,3575912,4069690,1,1,1,1,DRVR,0,0,9,0,9.0,UNK,9.0,UNK,9,NONE,9,UNK,,,,,,,,,,0,NONE,0,NONE,,,,,0,NO CODE,,,,,,,,,,86.0,0.0,0.0,3.0,0
1901171,3575913,4069691,2,2,1,1,DRVR,0,0,9,0,9.0,UNK,9.0,UNK,9,NONE,9,UNK,,,,,,,,,,0,NONE,0,NONE,,,,,0,NO CODE,,,,,,,,,,86.0,0.0,0.0,3.0,0
1901184,3575934,4069712,1,1,1,1,DRVR,0,0,9,0,9.0,UNK,9.0,UNK,9,NONE,9,UNK,,,,,,,,,,0,NONE,0,NONE,,,,,0,NO CODE,,,,,,,,,,86.0,0.0,0.0,3.0,0
1901184,3575935,4069713,2,2,1,1,DRVR,0,0,9,0,9.0,UNK,9.0,UNK,9,NONE,9,UNK,,,,,,,,,,0,NONE,0,NONE,,,,,0,NO CODE,,,,,,,,,,,9.0,9.0,9.0,0
1901213,3575983,4069756,1,1,1,1,DRVR,0,0,9,0,9.0,UNK,9.0,UNK,9,NONE,9,UNK,,,,,,,,,,0,NONE,0,NONE,,,,,0,NO CODE,,,,,,,,,,,,,,0
1901213,3575984,4069757,2,2,1,1,DRVR,0,0,9,0,9.0,UNK,9.0,UNK,9,NONE,9,UNK,,,,,,,,,,0,NONE,0,NONE,,,,,0,NO CODE,,,,,,,,,,,,,,0
1901410,3576322,4070102,1,1,1,1,DRVR,0,0,9,0,9.0,UNK,9.0,UNK,9,NONE,9,UNK,,,,,,,,,,0,NONE,0,NONE,,,,,0,NO CODE,,,,,,,,,,86.0,0.0,0.0,3.0,0
1901410,3576323,4070103,2,2,1,1,DRVR,0,0,9,0,9.0,UNK,9.0,UNK,9,NONE,9,UNK,,,,,,,,,,0,NONE,0,NONE,,,,,0,NO CODE,,,,,,,,,,86.0,0.0,0.0,3.0,0
1901456,3576400,4070178,1,1,1,1,DRVR,0,0,9,0,9.0,UNK,9.0,UNK,9,NONE,9,UNK,,,,,,,,,,0,NONE,0,NONE,,,,,0,NO CODE,,,,,,,,,,,,,,0
1901456,3576401,4070179,2,2,1,1,DRVR,0,0,9,0,9.0,UNK,9.0,UNK,9,NONE,9,UNK,,,,,,,,,,0,NONE,0,NONE,,,,,0,NO CODE,,,,,,,,,,,,,,0
1903845,3580451,4074113,1,1,1,1,DRVR,0,0,9,0,9.0,UNK,9.0,UNK,9,NONE,9,UNK,,,,,,,,,,0,NONE,0,NONE,,,,,0,NO CODE,,,,,,,,,,,,,,0
1908023,3587493,4080927,1,1,1,1,DRVR,0,0,9,0,9.0,UNK,9.0,UNK,9,NONE,9,UNK,,,,,,,,,,0,NONE,0,NONE,,,,,0,NO CODE,,,,,,,,,,,,,,0
1908023,3587494,4080928,2,2,1,1,DRVR,0,0,9,0,9.0,UNK,9.0,UNK,9,NONE,9,UNK,,,,,,,,,,0,NONE,0,NONE,,,,,0,NO CODE,,,,,,,,,,,,,,0
1908035,3587511,4080945,1,1,1,1,DRVR,0,0,9,0,9.0,UNK,9.0,UNK,9,NONE,9,UNK,,,,,,,,,,0,NONE,0,NONE,,,,,0,NO CODE,,,,,,,,,,,0.0,0.0,3.0,0
1908106,3587638,4081064,1,1,1,1,DRVR,0,0,9,0,9.0,UNK,9.0,UNK,9,NONE,9,UNK,,,,,,,,,,0,NONE,0,NONE,,,,,0,NO CODE,,,,,,,,,,,,,,0
1908723,3588732,4082121,1,1,1,1,DRVR,0,0,9,0,9.0,UNK,9.0,UNK,9,NONE,9,UNK,,,,,,,,,,0,NONE,0,NONE,,,,,0,NO CODE,,,,,,,,,,,0.0,0.0,3.0,0
1908723,3588733,4082122,2,2,1,1,DRVR,0,0,9,0,9.0,UNK,9.0,UNK,9,NONE,9,UNK,,,,,,,,,,0,NONE,0,NONE,,,,,0,NO CODE,,,,,,,,,,,0.0,0.0,3.0,0
1908902,3589046,4082425,1,1,1,1,DRVR,0,0,9,0,9.0,UNK,9.0,UNK,9,NONE,9,UNK,,,,,,,,,,0,NONE,0,NONE,,,,,0,NO CODE,,,,,,,,,,,0.0,0.0,3.0,0
1908902,3589047,4082426,2,2,1,1,DRVR,0,0,9,0,9.0,UNK,9.0,UNK,9,NONE,9,UNK,,,,,,,,,,0,NONE,0,NONE,,,,,0,NO CODE,,,,,,,,,,,0.0,0.0,3.0,0
1915175,3599523,4092948,1,1,1,1,DRVR,0,0,1,71,2.0,OTH-Y,4.0,N-RES,3,INJB,2,BELT,,,,,,,,,,17,LOSTCTRL,47,BASCRULE,,,,,1,TOO-FAST,,,,,,,,,,86.0,9.0,9.0,9.0,0
1915211,3599585,4093025,1,1,1,1,DRVR,0,0,1,29,1.0,OR-Y,1.0,OR<25,9,NONE,2,BELT,0.0,,,,,,,,,0,NONE,97,UNA DIS TC,,,,,0,NO CODE,,,,,,,,,,,0.0,0.0,3.0,0
1915211,3599586,4093026,2,2,1,1,DRVR,0,0,1,28,2.0,OTH-Y,4.0,N-RES,4,INJC,2,BELT,1.0,,,,,,,,,0,NONE,97,UNA DIS TC,,,,,0,NO CODE,,,,,,,,,,,0.0,0.0,3.0,0
1915269,3599686,4093165,1,1,1,1,DRVR,0,0,2,19,0.0,NONE,2.0,OR>25,4,INJC,2,BELT,,,,,,,,,,17,LOSTCTRL,47,BASCRULE,80.0,FAIL LN,81.0,OFF RD,1,TOO-FAST,5.0,LEFT-CTR,,,,,,,,,0.0,0.0,3.0,0
1915311,3599757,4093246,1,1,1,1,DRVR,0,0,1,27,1.0,OR-Y,1.0,OR<25,9,NONE,9,UNK,,,,,,,,,,0,NONE,47,BASCRULE,,,,,1,TOO-FAST,,,,,,,,,,,0.0,0.0,3.0,0
1915311,3599758,4093247,2,2,1,1,DRVR,0,0,1,72,1.0,OR-Y,1.0,OR<25,4,INJC,2,BELT,,,,,,,,,,0,NONE,0,NONE,,,,,0,NO CODE,,,,,,,,,,,0.0,0.0,3.0,0
1915400,3599919,4093458,1,1,1,1,DRVR,0,0,1,29,1.0,OR-Y,2.0,OR>25,2,INJA,2,BELT,,,,,,,,,,88,OTHER,52,CARELESS,80.0,FAIL LN,,,32,CARELESS,5.0,LEFT-CTR,,,,,,,,,9.0,9.0,9.0,0
1915400,3599920,4093459,2,2,1,1,DRVR,0,0,2,26,1.0,OR-Y,1.0,OR<25,4,INJC,2,BELT,,,,,,,,,,0,NONE,0,NONE,,,,,0,NO CODE,,,,,,,,,,,0.0,0.0,3.0,0
1915461,3600032,4093600,1,1,1,1,DRVR,0,0,1,27,1.0,OR-Y,1.0,OR<25,9,NONE,2,BELT,0.0,,,,,,,,,38,DISTRACT,47,BASCRULE,16.0,INATTENT,,,1,TOO-FAST,27.0,INATTENT,,,,,,,,,,,,0
1915461,3600033,4093601,2,2,1,1,DRVR,0,0,1,51,1.0,OR-Y,1.0,OR<25,4,INJC,2,BELT,0.0,,,,,,,,,0,NONE,0,NONE,,,,,0,NO CODE,,,,,,,,,,,,,,0
1915521,3600150,4093736,1,1,1,1,DRVR,0,0,1,29,2.0,OTH-Y,4.0,N-RES,3,INJB,6,HELM,,,,,,,,,,88,OTHER,47,BASCRULE,81.0,OFF RD,,,1,TOO-FAST,,,,,,,,,,86.0,0.0,0.0,3.0,0
1922635,3613364,4109647,1,1,1,1,DRVR,0,0,2,51,2.0,OTH-Y,4.0,N-RES,3,INJB,9,UNK,,,,,,,,,,88,OTHER,28,NO ROW,,,,,2,NO-YIELD,,,,,,,,,,,0.0,0.0,3.0,0
1922635,3613365,4109648,2,2,1,1,DRVR,0,0,1,55,2.0,OTH-Y,4.0,N-RES,9,NONE,2,BELT,0.0,,,,,,,,,0,NONE,0,NONE,,,,,0,NO CODE,,,,,,,,,,,0.0,0.0,3.0,0
1922641,3613376,4109660,1,1,1,1,DRVR,0,0,2,29,1.0,OR-Y,1.0,OR<25,3,INJB,2,BELT,1.0,,,,,,,,,0,NONE,28,NO ROW,,,,,2,NO-YIELD,,,,,82.0,VEH HID,,,,,,,,0
1922641,3613376,4109661,2,1,2,2,PSNG,0,0,1,29,,,,,3,INJB,2,BELT,1.0,,,,,,,,,0,NONE,0,NONE,,,,,0,NO CODE,,,,,,,,,,,,,,0
1922641,3613376,4109662,3,1,3,2,PSNG,0,0,2,2,,,,,3,INJB,4,CHILD,0.0,,,,,,,,,0,NONE,0,NONE,,,,,0,NO CODE,,,,,,,,,,,,,,0
1922641,3613377,4109663,4,2,1,1,DRVR,0,0,1,27,2.0,OTH-Y,4.0,N-RES,4,INJC,9,UNK,,,,,,,,,,0,NONE,0,NONE,,,,,0,NO CODE,,,,,82.0,VEH HID,,,,,,,,0
1922685,3613457,4109759,1,1,1,1,DRVR,0,0,1,69,1.0,OR-Y,1.0,OR<25,9,NONE,2,BELT,0.0,,,,,,,,,0,NONE,0,NONE,,,,,0,NO CODE,,,,,,,,,,,0.0,0.0,3.0,0
1922685,3613458,4109760,2,2,1,1,DRVR,0,0,2,56,1.0,OR-Y,1.0,OR<25,3,INJB,6,HELM,,,,,,,,,,88,OTHER,44,STRDL LN,,,,,10,OTHR-IMP,,,,,,,,,,,0.0,0.0,3.0,0
1922701,3613485,4109791,1,1,1,1,DRVR,0,0,1,33,2.0,OTH-Y,4.0,N-RES,3,INJB,2,BELT,1.0,,,,,,,,,0,NONE,26,REAR-END,,,,,29,F AVOID,,,,,,,,,,,0.0,0.0,3.0,0
1922701,3613486,4109792,2,2,1,1,DRVR,0,0,2,29,2.0,OTH-Y,4.0,N-RES,3,INJB,2,BELT,0.0,,,,,,,,,0,NONE,0,NONE,,,,,0,NO CODE,,,,,,,,,,,0.0,0.0,3.0,0
1922701,3613487,4109793,3,3,1,1,DRVR,0,0,9,0,9.0,UNK,9.0,UNK,9,NONE,9,UNK,,,,,,,,,,0,NONE,0,NONE,,,,,0,NO CODE,,,,,,,,,,,,,,0
1922724,3613522,4109834,1,1,1,1,DRVR,0,0,2,24,1.0,OR-Y,1.0,OR<25,9,NONE,2,BELT,0.0,,,,,,,,,0,NONE,47,BASCRULE,,,,,1,TOO-FAST,,,,,,,,,,,0.0,0.0,3.0,0
1922724,3613523,4109835,2,2,1,1,DRVR,0,0,2,50,1.0,OR-Y,2.0,OR>25,4,INJC,2,BELT,,,,,,,,,,0,NONE,0,NONE,,,,,0,NO CODE,,,,,,,,,,,0.0,0.0,3.0,0
1922759,3613589,4109917,1,1,1,1,DRVR,0,0,2,40,2.0,OTH-Y,4.0,N-RES,4,INJC,9,UNK,,,,,,,,,,88,OTHER,26,REAR-END,,,,,10,OTHR-IMP,,,,,,,,,,87.0,1.0,,,0
1922759,3613590,4109918,2,2,1,1,DRVR,0,0,2,81,1.0,OR-Y,2.0,OR>25,3,INJB,2,BELT,0.0,,,,,,,,,0,NONE,0,NONE,,,,,0,NO CODE,,,,,,,,,,,0.0,0.0,3.0,0
1922759,3613590,4109919,3,2,2,2,PSNG,0,0,1,82,,,,,3,INJB,2,BELT,0.0,,,,,,,,,0,NONE,0,NONE,,,,,0,NO CODE,,,,,,,,,,,,,,0
1922906,3613849,4110248,1,1,1,1,DRVR,0,0,1,45,2.0,OTH-Y,4.0,N-RES,4,INJC,2,BELT,,,,,,,,,,0,NONE,0,NONE,,,,,0,NO CODE,,,,,,,,,,,0.0,0.0,3.0,0
1922906,3613850,4110249,2,2,1,1,DRVR,1,0,1,31,2.0,OTH-Y,4.0,N-RES,9,NONE,9,UNK,,,,,,,,,,0,NONE,20,DIS SGNL,,,,,4,DIS SIG,,,,,,,,,,,9.0,9.0,9.0,0
1922930,3613899,4110309,1,1,1,1,DRVR,0,0,2,30,1.0,OR-Y,1.0,OR<25,4,INJC,2,BELT,0.0,,,,,,,,,0,NONE,0,NONE,,,,,0,NO CODE,,,,,82.0,VEH HID,,,,,0.0,0.0,3.0,0
1922930,3613900,4110310,2,2,1,1,DRVR,0,0,1,65,1.0,OR-Y,1.0,OR<25,4,INJC,2,BELT,0.0,,,,,,,,,0,NONE,28,NO ROW,,,,,2,NO-YIELD,,,,,82.0,VEH HID,,,,,0.0,0.0,3.0,0
1923017,3614065,4110525,1,1,1,1,DRVR,0,0,1,43,2.0,OTH-Y,4.0,N-RES,9,NONE,2,BELT,1.0,,,,,,,,,38,DISTRACT,16,INATTENT,,,,,27,INATTENT,,,,,93.0,CELL PHONE,,,,,,,,0
1923017,3614066,4110526,2,2,1,1,DRVR,0,0,2,75,1.0,OR-Y,1.0,OR<25,3,INJB,2,BELT,0.0,,,,,,,,,0,NONE,0,NONE,,,,,0,NO CODE,,,,,,,,,,,,,,0
1923017,3614066,4110527,3,2,2,2,PSNG,0,0,1,78,,,,,2,INJA,2,BELT,0.0,,,,,,,,,0,NONE,0,NONE,,,,,0,NO CODE,,,,,,,,,,,,,,0
1929677,3626356,4125381,1,1,1,1,DRVR,0,0,1,22,1.0,OR-Y,1.0,OR<25,9,NONE,2,BELT,0.0,,,,,,,,,0,NONE,0,NONE,,,,,0,NO CODE,,,,,,,,,,,0.0,0.0,3.0,0
1930153,3627242,4126464,1,1,1,1,DRVR,0,0,2,62,2.0,OTH-Y,4.0,N-RES,9,NONE,2,BELT,0.0,,,,,,,,,38,DISTRACT,16,INATTENT,26.0,REAR-END,,,27,INATTENT,29.0,F AVOID,,,,,,,,,0.0,0.0,3.0,0
1930153,3627243,4126465,2,2,1,1,DRVR,0,0,1,29,2.0,OTH-Y,4.0,N-RES,9,NONE,2,BELT,0.0,,,,,,,,,0,NONE,0,NONE,,,,,0,NO CODE,,,,,,,,,,,0.0,0.0,3.0,0
1930153,3627243,4126466,3,2,2,2,PSNG,0,0,2,29,,,,,4,INJC,2,BELT,0.0,,,,,,,,,0,NONE,0,NONE,,,,,0,NO CODE,,,,,,,,,,,,,,0
1930172,3627280,4126506,1,1,1,1,DRVR,0,0,2,0,2.0,OTH-Y,4.0,N-RES,4,INJC,2,BELT,1.0,,,,,,,,,17,LOSTCTRL,47,BASCRULE,81.0,OFF RD,,,1,TOO-FAST,,,,,,,,,,86.0,0.0,0.0,3.0,0
1930239,3627413,4126654,1,1,1,1,DRVR,0,0,1,21,1.0,OR-Y,1.0,OR<25,3,INJB,2,BELT,,,,,,,,,,38,DISTRACT,16,INATTENT,81.0,OFF RD,,,16,FATIGUE,,,,,,,,,,,0.0,0.0,3.0,0
1942068,3649112,4151724,1,1,1,1,DRVR,0,0,9,0,9.0,UNK,9.0,UNK,9,NONE,9,UNK,,,,,,,,,,0,NONE,0,NONE,,,,,0,NO CODE,,,,,,,,,,86.0,0.0,0.0,3.0,0
1942068,3649113,4151725,2,2,1,1,DRVR,0,0,9,0,9.0,UNK,9.0,UNK,9,NONE,9,UNK,,,,,,,,,,0,NONE,0,NONE,,,,,0,NO CODE,,,,,,,,,,86.0,0.0,0.0,3.0,0
1942102,3649169,4151780,1,1,1,1,DRVR,0,0,9,0,9.0,UNK,9.0,UNK,9,NONE,9,UNK,,,,,,,,,,0,NONE,0,NONE,,,,,0,NO CODE,,,,,,,,,,,0.0,0.0,3.0,0
1942102,3649170,4151781,2,2,1,1,DRVR,0,0,9,0,9.0,UNK,9.0,UNK,9,NONE,9,UNK,,,,,,,,,,0,NONE,0,NONE,,,,,0,NO CODE,,,,,,,,,,,0.0,0.0,3.0,0
1942247,3649414,4152021,1,1,1,1,DRVR,0,0,9,0,9.0,UNK,9.0,UNK,9,NONE,9,UNK,,,,,,,,,,0,NONE,0,NONE,,,,,0,NO CODE,,,,,,,,,,,,,,0
1942281,3649470,4152077,1,1,1,1,DRVR,0,0,9,0,9.0,UNK,9.0,UNK,9,NONE,9,UNK,,,,,,,,,,0,NONE,0,NONE,,,,,0,NO CODE,,,,,,,,,,,,,,0
1942281,3649471,4152078,2,2,1,1,DRVR,0,0,9,0,9.0,UNK,9.0,UNK,9,NONE,9,UNK,,,,,,,,,,0,NONE,0,NONE,,,,,0,NO CODE,,,,,,,,,,,0.0,0.0,3.0,0
1942778,3650302,4152887,1,1,1,1,DRVR,0,0,9,0,9.0,UNK,9.0,UNK,9,NONE,9,UNK,,,,,,,,,,0,NONE,0,NONE,,,,,0,NO CODE,,,,,,,,,,86.0,0.0,0.0,3.0,0
1942778,3650303,4152888,2,2,1,1,DRVR,0,0,9,0,9.0,UNK,9.0,UNK,9,NONE,9,UNK,,,,,,,,,,0,NONE,0,NONE,,,,,0,NO CODE,,,,,,,,,,86.0,0.0,0.0,3.0,0
1942872,3650451,4153036,1,1,1,1,DRVR,0,0,9,0,9.0,UNK,9.0,UNK,9,NONE,9,UNK,,,,,,,,,,0,NONE,0,NONE,,,,,0,NO CODE,,,,,,,,,,,,,,0
1942872,3650452,4153037,2,2,1,1,DRVR,0,0,9,0,9.0,UNK,9.0,UNK,9,NONE,9,UNK,,,,,,,,,,0,NONE,0,NONE,,,,,0,NO CODE,,,,,,,,,,,,,,0
1942958,3650575,4153164,1,1,1,1,DRVR,0,0,9,0,9.0,UNK,9.0,UNK,9,NONE,9,UNK,,,,,,,,,,0,NONE,0,NONE,,,,,0,NO CODE,,,,,,,,,,86.0,0.0,0.0,3.0,0
1943150,3650871,4153455,1,1,1,1,DRVR,0,0,9,0,9.0,UNK,9.0,UNK,9,NONE,9,UNK,,,,,,,,,,0,NONE,0,NONE,,,,,0,NO CODE,,,,,,,,,,,,,,0
1943184,3650924,4153508,1,1,1,1,DRVR,0,0,9,0,9.0,UNK,9.0,UNK,9,NONE,9,UNK,,,,,,,,,,0,NONE,0,NONE,,,,,0,NO CODE,,,,,,,,,,,0.0,0.0,3.0,0
1943184,3650925,4153509,2,2,1,1,DRVR,0,0,9,0,9.0,UNK,9.0,UNK,9,NONE,9,UNK,,,,,,,,,,0,NONE,0,NONE,,,,,0,NO CODE,,,,,,,,,,,,,,0
1943217,3650983,4153567,1,1,1,1,DRVR,0,0,9,0,9.0,UNK,9.0,UNK,9,NONE,9,UNK,,,,,,,,,,0,NONE,0,NONE,,,,,0,NO CODE,,,,,,,,,,,,,,0
1943376,3651242,4153823,1,1,1,1,DRVR,0,0,9,0,9.0,UNK,9.0,UNK,9,NONE,9,UNK,,,,,,,,,,0,NONE,0,NONE,,,,,0,NO CODE,,,,,,,,,,,0.0,0.0,3.0,0
1943400,3651279,4153855,1,1,1,1,DRVR,0,0,9,0,9.0,UNK,9.0,UNK,9,NONE,9,UNK,,,,,,,,,,0,NONE,0,NONE,,,,,0,NO CODE,,,,,,,,,,86.0,0.0,0.0,3.0,0
1943437,3651340,4153912,1,1,1,1,DRVR,0,0,2,42,1.0,OR-Y,1.0,OR<25,4,INJC,2,BELT,,,,,,,,,,25,FATIGUE,16,INATTENT,80.0,FAIL LN,,,16,FATIGUE,5.0,LEFT-CTR,,,,,,,,,0.0,0.0,3.0,0
1943437,3651341,4153913,2,2,1,1,DRVR,0,0,2,30,1.0,OR-Y,1.0,OR<25,9,NONE,2,BELT,0.0,,,,,,,,,0,NONE,0,NONE,,,,,0,NO CODE,,,,,,,,,,,0.0,0.0,3.0,0
1943557,3651539,4154107,1,1,1,1,DRVR,0,0,9,0,9.0,UNK,9.0,UNK,9,NONE,9,UNK,,,,,,,,,,0,NONE,0,NONE,,,,,0,NO CODE,,,,,,,,,,21.0,1.0,,,0
1943561,3651545,4154112,1,1,1,1,DRVR,0,0,9,0,9.0,UNK,9.0,UNK,9,NONE,9,UNK,,,,,,,,,,0,NONE,0,NONE,,,,,0,NO CODE,,,,,,,,,,,0.0,0.0,3.0,0
1943561,3651546,4154113,2,2,1,1,DRVR,0,0,9,0,9.0,UNK,9.0,UNK,9,NONE,9,UNK,,,,,,,,,,0,NONE,0,NONE,,,,,0,NO CODE,,,,,,,,,,,0.0,0.0,3.0,0
1954357,3670250,4172284,1,1,1,1,DRVR,0,0,9,0,9.0,UNK,9.0,UNK,9,NONE,9,UNK,,,,,,,,,,0,NONE,0,NONE,,,,,0,NO CODE,,,,,,,,,,,,,,0
1954357,3670251,4172285,2,2,1,1,DRVR,0,0,9,0,9.0,UNK,9.0,UNK,9,NONE,9,UNK,,,,,,,,,,0,NONE,0,NONE,,,,,0,NO CODE,,,,,,,,,,,,,,0
1954471,3670421,4172450,1,1,1,1,DRVR,0,0,9,0,9.0,UNK,9.0,UNK,9,NONE,9,UNK,,,,,,,,,,0,NONE,0,NONE,,,,,0,NO CODE,,,,,,,,,,,,,,0
1954471,3670422,4172451,2,2,1,1,DRVR,0,0,9,0,9.0,UNK,9.0,UNK,9,NONE,9,UNK,,,,,,,,,,0,NONE,0,NONE,,,,,0,NO CODE,,,,,,,,,,,,,,0
1954473,3670425,4172454,1,1,1,1,DRVR,0,0,9,0,9.0,UNK,9.0,UNK,9,NONE,9,UNK,,,,,,,,,,0,NONE,0,NONE,,,,,0,NO CODE,,,,,,,,,,,0.0,0.0,3.0,0
1954473,3670426,4172455,2,2,1,1,DRVR,0,0,9,0,9.0,UNK,9.0,UNK,9,NONE,9,UNK,,,,,,,,,,0,NONE,0,NONE,,,,,0,NO CODE,,,,,,,,,,,0.0,0.0,3.0,0
1954509,3670489,4172518,1,1,1,1,DRVR,0,0,9,0,9.0,UNK,9.0,UNK,9,NONE,9,UNK,,,,,,,,,,0,NONE,0,NONE,,,,,0,NO CODE,,,,,,,,,,,0.0,0.0,3.0,0
1954578,3670609,4172632,1,1,1,1,DRVR,0,0,9,0,9.0,UNK,9.0,UNK,9,NONE,9,UNK,,,,,,,,,,0,NONE,0,NONE,,,,,0,NO CODE,,,,,,,,,,,,,,0
1954578,3670610,4172633,2,2,1,1,DRVR,0,0,9,0,9.0,UNK,9.0,UNK,9,NONE,9,UNK,,,,,,,,,,0,NONE,0,NONE,,,,,0,NO CODE,,,,,,,,,,,,,,0
1954582,3670614,4172637,1,1,1,1,DRVR,0,0,9,0,9.0,UNK,9.0,UNK,9,NONE,9,UNK,,,,,,,,,,0,NONE,0,NONE,,,,,0,NO CODE,,,,,,,,,,,0.0,0.0,3.0,0
1954582,3670615,4172638,2,2,1,1,DRVR,0,0,9,0,9.0,UNK,9.0,UNK,9,NONE,9,UNK,,,,,,,,,,0,NONE,0,NONE,,,,,0,NO CODE,,,,,,,,,,,0.0,0.0,3.0,0
1954587,3670623,4172646,1,1,1,1,DRVR,0,0,9,0,9.0,UNK,9.0,UNK,9,NONE,9,UNK,,,,,,,,,,0,NONE,0,NONE,,,,,0,NO CODE,,,,,,,,,,,0.0,0.0,3.0,0
1954587,3670624,4172647,2,2,1,1,DRVR,0,0,9,0,9.0,UNK,9.0,UNK,9,NONE,9,UNK,,,,,,,,,,0,NONE,0,NONE,,,,,0,NO CODE,,,,,,,,,,,,,,0
1954707,3670819,4172833,1,1,1,1,DRVR,0,0,9,0,9.0,UNK,9.0,UNK,9,NONE,9,UNK,,,,,,,,,,0,NONE,0,NONE,,,,,0,NO CODE,,,,,,,,,,,0.0,0.0,3.0,0
1954707,3670820,4172834,2,2,1,1,DRVR,0,0,9,0,9.0,UNK,9.0,UNK,9,NONE,9,UNK,,,,,,,,,,0,NONE,0,NONE,,,,,0,NO CODE,,,,,,,,,,,0.0,0.0,3.0,0
1954720,3670842,4172856,1,1,1,1,DRVR,0,0,9,0,9.0,UNK,9.0,UNK,9,NONE,9,UNK,,,,,,,,,,0,NONE,0,NONE,,,,,0,NO CODE,,,,,,,,,,86.0,0.0,0.0,3.0,0
1954720,3670843,4172857,2,2,1,1,DRVR,0,0,9,0,9.0,UNK,9.0,UNK,9,NONE,9,UNK,,,,,,,,,,0,NONE,0,NONE,,,,,0,NO CODE,,,,,,,,,,86.0,0.0,0.0,3.0,0
1954830,3671020,4173028,1,1,1,1,DRVR,0,0,9,0,9.0,UNK,9.0,UNK,9,NONE,9,UNK,,,,,,,,,,0,NONE,0,NONE,,,,,0,NO CODE,,,,,,,,,,,,,,0
1954895,3671126,4173130,1,1,1,1,DRVR,0,0,9,0,9.0,UNK,9.0,UNK,9,NONE,9,UNK,,,,,,,,,,0,NONE,0,NONE,,,,,0,NO CODE,,,,,,,,,,86.0,0.0,0.0,3.0,0
1954895,3671127,4173131,2,2,1,1,DRVR,0,0,9,0,9.0,UNK,9.0,UNK,9,NONE,9,UNK,,,,,,,,,,0,NONE,0,NONE,,,,,0,NO CODE,,,,,,,,,,86.0,0.0,0.0,3.0,0
1955225,3671685,4173665,1,1,1,1,DRVR,0,0,9,0,9.0,UNK,9.0,UNK,9,NONE,9,UNK,,,,,,,,,,0,NONE,0,NONE,,,,,0,NO CODE,,,,,,,,,,,,,,0
1955225,3671686,4173666,2,2,1,1,DRVR,0,0,9,0,9.0,UNK,9.0,UNK,9,NONE,9,UNK,,,,,,,,,,0,NONE,0,NONE,,,,,0,NO CODE,,,,,,,,,,,,,,0
1955339,3671868,4173841,1,1,1,1,DRVR,0,0,9,0,9.0,UNK,9.0,UNK,9,NONE,9,UNK,,,,,,,,,,0,NONE,0,NONE,,,,,0,NO CODE,,,,,,,,,,,0.0,0.0,3.0,0
1955429,3672022,4173993,1,1,1,1,DRVR,0,0,9,0,9.0,UNK,9.0,UNK,9,NONE,9,UNK,,,,,,,,,,0,NONE,0,NONE,,,,,0,NO CODE,,,,,,,,,,,9.0,9.0,9.0,0
1955463,3672076,4174046,1,1,1,1,DRVR,0,0,9,0,9.0,UNK,9.0,UNK,9,NONE,9,UNK,,,,,,,,,,0,NONE,0,NONE,,,,,0,NO CODE,,,,,,,,,,,0.0,0.0,3.0,0
1955463,3672077,4174047,2,2,1,1,DRVR,0,0,9,0,9.0,UNK,9.0,UNK,9,NONE,9,UNK,,,,,,,,,,0,NONE,0,NONE,,,,,0,NO CODE,,,,,,,,,,,0.0,0.0,3.0,0
1955509,3672153,4174122,1,1,1,1,DRVR,0,0,9,0,9.0,UNK,9.0,UNK,9,NONE,9,UNK,,,,,,,,,,0,NONE,0,NONE,,,,,0,NO CODE,,,,,,,,,,,,,,0
1955509,3672154,4174123,2,2,1,1,DRVR,0,0,9,0,9.0,UNK,9.0,UNK,9,NONE,9,UNK,,,,,,,,,,0,NONE,0,NONE,,,,,0,NO CODE,,,,,,,,,,,,,,0
1955514,3672162,4174130,1,1,1,1,DRVR,0,0,9,0,9.0,UNK,9.0,UNK,9,NONE,9,UNK,,,,,,,,,,0,NONE,0,NONE,,,,,0,NO CODE,,,,,,,,,,,9.0,9.0,9.0,0
1955514,3672163,4174131,2,2,1,1,DRVR,0,0,9,0,9.0,UNK,9.0,UNK,9,NONE,9,UNK,,,,,,,,,,0,NONE,0,NONE,,,,,0,NO CODE,,,,,,,,,,,0.0,0.0,3.0,0
1955535,3672195,4174158,1,1,1,1,DRVR,0,0,9,0,9.0,UNK,9.0,UNK,9,NONE,9,UNK,,,,,,,,,,0,NONE,0,NONE,,,,,0,NO CODE,,,,,,,,,,,9.0,9.0,9.0,0
1955535,3672196,4174159,2,2,1,1,DRVR,0,0,9,0,9.0,UNK,9.0,UNK,9,NONE,9,UNK,,,,,,,,,,0,NONE,0,NONE,,,,,0,NO CODE,,,,,,,,,,,9.0,9.0,9.0,0
1955683,3672443,4174403,1,1,1,1,DRVR,0,0,9,0,9.0,UNK,9.0,UNK,9,NONE,9,UNK,,,,,,,,,,0,NONE,0,NONE,,,,,0,NO CODE,,,,,,,,,,,0.0,0.0,3.0,0
1955683,3672444,4174404,2,2,1,1,DRVR,0,0,9,0,9.0,UNK,9.0,UNK,9,NONE,9,UNK,,,,,,,,,,0,NONE,0,NONE,,,,,0,NO CODE,,,,,,,,,,,0.0,0.0,3.0,0
1955684,3672445,4174405,1,1,1,1,DRVR,0,0,9,0,9.0,UNK,9.0,UNK,9,NONE,9,UNK,,,,,,,,,,0,NONE,0,NONE,,,,,0,NO CODE,,,,,,,,,,,0.0,0.0,3.0,0
1955684,3672446,4174406,2,2,1,1,DRVR,0,0,9,0,9.0,UNK,9.0,UNK,9,NONE,9,UNK,,,,,,,,,,0,NONE,0,NONE,,,,,0,NO CODE,,,,,,,,,,,0.0,0.0,3.0,0
1960197,3680018,4181650,1,1,1,1,DRVR,0,0,9,0,9.0,UNK,9.0,UNK,9,NONE,9,UNK,,,,,,,,,,0,NONE,0,NONE,,,,,0,NO CODE,,,,,,,,,,,,,,0
1960197,3680019,4181651,2,2,1,1,DRVR,0,0,9,0,9.0,UNK,9.0,UNK,9,NONE,9,UNK,,,,,,,,,,0,NONE,0,NONE,,,,,0,NO CODE,,,,,,,,,,,,,,0
1961905,3683091,4185343,1,1,1,1,DRVR,0,0,2,55,2.0,OTH-Y,4.0,N-RES,4,INJC,2,BELT,0.0,,,,,,,,,0,NONE,6,FRM WRNG,45.0,IMP CHG,,,8,IMP-TURN,13.0,IMP LN C,,,,,,,,,0.0,0.0,3.0,0
1961905,3683091,4185344,2,1,2,2,PSNG,0,0,2,54,,,,,4,INJC,9,UNK,0.0,,,,,,,,,0,NONE,0,NONE,,,,,0,NO CODE,,,,,,,,,,,,,,0
1961905,3683092,4185345,3,2,1,1,DRVR,0,0,1,77,1.0,OR-Y,1.0,OR<25,9,NONE,2,BELT,,,,,,,,,,0,NONE,0,NONE,,,,,0,NO CODE,,,,,,,,,,,0.0,0.0,3.0,0
1962017,3683298,4185593,1,1,1,1,DRVR,0,0,1,30,3.0,SUSP,1.0,OR<25,3,INJB,9,UNK,,,,,,,,,,88,OTHER,47,BASCRULE,81.0,OFF RD,,,1,TOO-FAST,,,,,,,,,,12.0,1.0,,,0
1962020,3683302,4185597,1,1,1,1,DRVR,0,0,2,26,1.0,OR-Y,1.0,OR<25,9,NONE,2,BELT,0.0,,,,,,,,,38,DISTRACT,16,INATTENT,,,,,27,INATTENT,,,,,,,,,,,,,,0
1962020,3683303,4185598,2,2,1,1,DRVR,0,0,1,51,1.0,OR-Y,1.0,OR<25,4,INJC,9,UNK,,,,,,,,,,0,NONE,0,NONE,,,,,0,NO CODE,,,,,,,,,,,,,,0
1962020,3683303,4185599,3,2,2,2,PSNG,0,0,1,60,,,,,4,INJC,9,UNK,,,,,,,,,,0,NONE,0,NONE,,,,,0,NO CODE,,,,,,,,,,,,,,0
1962067,3683394,4185710,1,1,1,1,DRVR,0,0,1,67,8.0,N-VAL,4.0,N-RES,3,INJB,6,HELM,,,,,,,,,,17,LOSTCTRL,47,BASCRULE,,,,,1,TOO-FAST,,,,,,,,,,,0.0,0.0,3.0,0
1962077,3683413,4185733,1,1,1,1,DRVR,1,0,1,0,9.0,UNK,1.0,OR<25,9,NONE,9,UNK,9.0,,,,,,,,,0,NONE,26,REAR-END,,,,,29,F AVOID,,,,,,,,,,,0.0,0.0,3.0,0
1962077,3683414,4185734,2,2,1,1,DRVR,0,0,2,44,1.0,OR-Y,1.0,OR<25,3,INJB,2,BELT,0.0,,,,,,,,,0,NONE,0,NONE,,,,,0,NO CODE,,,,,,,,,,,0.0,0.0,3.0,0
1962161,3683572,4185927,1,1,1,1,DRVR,1,0,9,0,9.0,UNK,9.0,UNK,9,NONE,9,UNK,,,,,,,,,,0,NONE,26,REAR-END,,,,,29,F AVOID,,,,,,,,,,,,,,0
1962161,3683573,4185928,2,2,1,1,DRVR,0,0,1,59,1.0,OR-Y,1.0,OR<25,4,INJC,2,BELT,,,,,,,,,,0,NONE,0,NONE,,,,,0,NO CODE,,,,,,,,,,,0.0,0.0,3.0,0
1962162,3683574,4185929,1,1,1,1,DRVR,0,0,2,26,2.0,OTH-Y,4.0,N-RES,4,INJC,2,BELT,1.0,,,,,,,,,0,NONE,50,SPEED,,,,,30,SPEED,,,,,,,,,,,0.0,0.0,3.0,0
1962162,3683574,4185930,2,1,2,2,PSNG,0,0,2,8,,,,,3,INJB,2,BELT,,,,,,,,,,0,NONE,0,NONE,,,,,0,NO CODE,,,,,,,,,,,,,,0
1962162,3683575,4185931,3,2,1,1,DRVR,0,0,1,76,1.0,OR-Y,1.0,OR<25,3,INJB,2,BELT,1.0,,,,,,,,,0,NONE,28,NO ROW,4.0,L IN TRF,,,2,NO-YIELD,,,,,,,,,,,0.0,0.0,3.0,0
1966932,3692514,4196717,1,1,1,1,DRVR,0,0,2,74,1.0,OR-Y,1.0,OR<25,3,INJB,2,BELT,,,,,,,,,,17,LOSTCTRL,47,BASCRULE,,,,,1,TOO-FAST,,,,,,,,,,,,,,0
1966941,3692529,4196732,1,1,1,1,DRVR,1,0,1,33,2.0,OTH-Y,4.0,N-RES,3,INJB,9,UNK,,,,,,,,,,88,OTHER,80,FAIL LN,,,,,10,OTHR-IMP,,,,,,,,,,20.0,1.0,,,0
1966941,3692530,4196733,2,2,1,1,DRVR,0,0,1,48,2.0,OTH-Y,4.0,N-RES,9,NONE,2,BELT,,,,,,,,,,0,NONE,0,NONE,,,,,0,NO CODE,,,,,,,,,,,0.0,0.0,3.0,0
1972749,3703320,4210038,1,1,1,1,DRVR,0,0,2,34,3.0,SUSP,4.0,N-RES,9,NONE,2,BELT,0.0,,,,,,,,,38,DISTRACT,16,INATTENT,47.0,BASCRULE,,,27,INATTENT,1.0,TOO-FAST,,,,,,,,86.0,9.0,9.0,9.0,0
1972749,3703321,4210039,2,2,1,1,DRVR,0,0,2,56,2.0,OTH-Y,4.0,N-RES,4,INJC,2,BELT,0.0,,,,,,,,,0,NONE,0,NONE,,,,,0,NO CODE,,,,,,,,,,86.0,0.0,0.0,3.0,0
1972749,3703321,4210040,3,2,2,2,PSNG,0,0,1,11,,,,,2,INJA,2,BELT,,,,,,,,,,0,NONE,0,NONE,,,,,0,NO CODE,,,,,,,,,,,,,,0
1972755,3703330,4210051,1,1,1,1,DRVR,0,0,2,61,1.0,OR-Y,1.0,OR<25,9,NONE,2,BELT,,,,,,,,,,0,NONE,0,NONE,,,,,0,NO CODE,,,,,,,,,,,0.0,0.0,3.0,0
1972768,3703352,4210085,1,1,1,1,DRVR,0,0,2,65,1.0,OR-Y,1.0,OR<25,9,NONE,2,BELT,0.0,,,,,,,,,88,OTHER,29,PED ROW,,,,,2,NO-YIELD,,,,,83.0,VEG HID,,,,,0.0,0.0,3.0,0
1972780,3703374,4210116,1,1,1,1,DRVR,0,0,1,51,1.0,OR-Y,1.0,OR<25,2,INJA,6,HELM,,,,,,,,,,25,FATIGUE,81,OFF RD,,,,,16,FATIGUE,,,,,,,,,,,0.0,0.0,3.0,0
1972875,3703552,4210337,1,1,1,1,DRVR,0,0,1,54,1.0,OR-Y,1.0,OR<25,3,INJB,9,UNK,,,,,,,,,,0,NONE,0,NONE,,,,,0,NO CODE,,,,,,,,,,,9.0,9.0,9.0,0
1972952,3703693,4210508,1,1,1,1,DRVR,0,0,2,53,1.0,OR-Y,1.0,OR<25,3,INJB,2,BELT,,,,,,,,,,88,OTHER,81,OFF RD,,,,,10,OTHR-IMP,,,,,,,,,,20.0,1.0,,,0
1973820,3705281,4212468,1,1,1,1,DRVR,0,0,2,26,2.0,OTH-Y,4.0,N-RES,9,NONE,2,BELT,0.0,,,,,,,,,0,NONE,28,NO ROW,,,,,2,NO-YIELD,,,,,,,,,,,0.0,0.0,3.0,0
1973820,3705282,4212469,2,2,1,1,DRVR,0,0,2,25,2.0,OTH-Y,4.0,N-RES,3,INJB,2,BELT,,,,,,,,,,0,NONE,0,NONE,,,,,0,NO CODE,,,,,,,,,,,0.0,0.0,3.0,0
1973880,3705389,4212602,1,1,1,1,DRVR,0,0,1,24,2.0,OTH-Y,4.0,N-RES,4,INJC,2,BELT,0.0,,,,,,,,,38,DISTRACT,16,INATTENT,28.0,NO ROW,,,27,INATTENT,2.0,NO-YIELD,,,,,,,,86.0,0.0,0.0,3.0,0
1973880,3705390,4212603,2,2,1,1,DRVR,0,0,1,26,1.0,OR-Y,1.0,OR<25,3,INJB,6,HELM,,,,,,,,,,0,NONE,0,NONE,,,,,0,NO CODE,,,,,,,,,,86.0,0.0,0.0,3.0,0
1977874,3712872,4221789,1,1,1,1,DRVR,0,0,2,20,2.0,OTH-Y,4.0,N-RES,9,NONE,9,UNK,,,,,,,,,,0,NONE,28,NO ROW,,,,,2,NO-YIELD,,,,,,,,,,,,,,0
1977874,3712873,4221790,2,2,1,1,DRVR,0,0,2,21,1.0,OR-Y,1.0,OR<25,4,INJC,9,UNK,,,,,,,,,,0,NONE,0,NONE,,,,,0,NO CODE,,,,,,,,,,,,,,0
1978209,3713460,4222417,1,1,1,1,DRVR,0,0,1,59,1.0,OR-Y,1.0,OR<25,3,INJB,2,BELT,1.0,,,,,,,,,0,NONE,28,NO ROW,,,,,2,NO-YIELD,,,,,82.0,VEH HID,,,,,0.0,0.0,3.0,0
1978209,3713461,4222418,2,2,1,1,DRVR,0,0,2,74,2.0,OTH-Y,4.0,N-RES,3,INJB,2,BELT,1.0,,,,,,,,,0,NONE,0,NONE,,,,,0,NO CODE,,,,,,,,,,,0.0,0.0,3.0,0
1978219,3713474,4222431,1,1,1,1,DRVR,0,0,1,19,1.0,OR-Y,1.0,OR<25,9,NONE,2,BELT,1.0,,,,,,,,,38,DISTRACT,16,INATTENT,,,,,27,INATTENT,,,,,,,,,,,,,,0
1978219,3713475,4222432,2,2,1,1,DRVR,0,0,2,42,2.0,OTH-Y,4.0,N-RES,4,INJC,2,BELT,0.0,,,,,,,,,0,NONE,0,NONE,,,,,0,NO CODE,,,,,,,,,,,,,,0
1978219,3713475,4222433,3,2,2,2,PSNG,0,0,1,44,,,,,4,INJC,2,BELT,0.0,,,,,,,,,0,NONE,0,NONE,,,,,0,NO CODE,,,,,,,,,,,,,,0
1978219,3713475,4222434,4,2,3,2,PSNG,0,0,2,5,,,,,4,INJC,4,CHILD,0.0,,,,,,,,,0,NONE,0,NONE,,,,,0,NO CODE,,,,,,,,,,,,,,0
1978254,3713536,4222498,1,1,1,1,DRVR,0,0,1,42,1.0,OR-Y,1.0,OR<25,4,INJC,2,BELT,1.0,,,,,,,,,88,OTHER,50,SPEED,,,,,30,SPEED,,,,,,,,,,86.0,0.0,0.0,3.0,0
1978254,3713537,4222499,2,2,1,1,DRVR,0,0,1,88,1.0,OR-Y,1.0,OR<25,9,NONE,2,BELT,1.0,,,,,,,,,0,NONE,0,NONE,,,,,0,NO CODE,,,,,,,,,,86.0,0.0,0.0,3.0,0
1981645,3719453,4228603,1,1,1,1,DRVR,0,0,9,0,9.0,UNK,9.0,UNK,9,NONE,9,UNK,,,,,,,,,,0,NONE,0,NONE,,,,,0,NO CODE,,,,,,,,,,86.0,9.0,9.0,9.0,0
1981716,3719580,4228730,1,1,1,1,DRVR,0,0,9,0,9.0,UNK,9.0,UNK,9,NONE,9,UNK,,,,,,,,,,0,NONE,0,NONE,,,,,0,NO CODE,,,,,,,,,,,,,,0
1981716,3719581,4228731,2,2,1,1,DRVR,0,0,9,0,9.0,UNK,9.0,UNK,9,NONE,9,UNK,,,,,,,,,,0,NONE,0,NONE,,,,,0,NO CODE,,,,,,,,,,,,,,0
1981760,3719655,4228805,1,1,1,1,DRVR,0,0,9,0,9.0,UNK,9.0,UNK,9,NONE,9,UNK,,,,,,,,,,0,NONE,0,NONE,,,,,0,NO CODE,,,,,,,,,,,,,,0
1981760,3719656,4228806,2,2,1,1,DRVR,0,0,9,0,9.0,UNK,9.0,UNK,9,NONE,9,UNK,,,,,,,,,,0,NONE,0,NONE,,,,,0,NO CODE,,,,,,,,,,,,,,0
1983228,3722324,4231613,1,1,1,1,DRVR,0,0,9,0,9.0,UNK,9.0,UNK,9,NONE,9,UNK,,,,,,,,,,0,NONE,0,NONE,,,,,0,NO CODE,,,,,,,,,,,0.0,0.0,3.0,0
1983228,3722325,4231614,2,2,1,1,DRVR,0,0,9,0,9.0,UNK,9.0,UNK,9,NONE,9,UNK,,,,,,,,,,0,NONE,0,NONE,,,,,0,NO CODE,,,,,,,,,,,0.0,0.0,3.0,0
1983429,3722691,4231980,1,1,1,1,DRVR,0,0,9,0,9.0,UNK,9.0,UNK,9,NONE,9,UNK,,,,,,,,,,0,NONE,0,NONE,,,,,0,NO CODE,,,,,,,,,,16.0,1.0,,,0
1983805,3723365,4232651,1,1,1,1,DRVR,0,0,9,0,9.0,UNK,9.0,UNK,9,NONE,9,UNK,,,,,,,,,,0,NONE,0,NONE,,,,,0,NO CODE,,,,,,,,,,,0.0,0.0,3.0,0
1983805,3723366,4232652,2,2,1,1,DRVR,0,0,9,0,9.0,UNK,9.0,UNK,9,NONE,9,UNK,,,,,,,,,,0,NONE,0,NONE,,,,,0,NO CODE,,,,,,,,,,,0.0,0.0,3.0,0
1986082,3727485,4236852,1,1,1,1,DRVR,0,0,9,0,9.0,UNK,9.0,UNK,9,NONE,9,UNK,,,,,,,,,,0,NONE,0,NONE,,,,,0,NO CODE,,,,,,,,,,17.0,1.0,,,0
1987779,3730414,4239795,1,1,1,1,DRVR,0,0,9,0,9.0,UNK,9.0,UNK,9,NONE,9,UNK,,,,,,,,,,0,NONE,0,NONE,,,,,0,NO CODE,,,,,,,,,,,0.0,0.0,3.0,0
1987786,3730428,4239809,1,1,1,1,DRVR,0,0,9,0,9.0,UNK,9.0,UNK,9,NONE,9,UNK,,,,,,,,,,0,NONE,0,NONE,,,,,0,NO CODE,,,,,,,,,,,9.0,9.0,9.0,0
1987786,3730429,4239810,2,2,1,1,DRVR,0,0,9,0,9.0,UNK,9.0,UNK,9,NONE,9,UNK,,,,,,,,,,0,NONE,0,NONE,,,,,0,NO CODE,,,,,,,,,,,9.0,9.0,9.0,0
1987789,3730434,4239818,1,1,1,1,DRVR,0,0,9,0,9.0,UNK,9.0,UNK,9,NONE,9,UNK,,,,,,,,,,0,NONE,0,NONE,,,,,0,NO CODE,,,,,,,,,,,0.0,0.0,3.0,0
1987789,3730435,4239819,2,2,1,1,DRVR,0,0,9,0,9.0,UNK,9.0,UNK,9,NONE,9,UNK,,,,,,,,,,0,NONE,0,NONE,,,,,0,NO CODE,,,,,,,,,,,0.0,0.0,3.0,0
1987790,3730436,4239820,1,1,1,1,DRVR,0,0,9,0,9.0,UNK,9.0,UNK,9,NONE,9,UNK,,,,,,,,,,0,NONE,0,NONE,,,,,0,NO CODE,,,,,,,,,,,0.0,0.0,3.0,0
1987790,3730437,4239821,2,2,1,1,DRVR,0,0,9,0,9.0,UNK,9.0,UNK,9,NONE,9,UNK,,,,,,,,,,0,NONE,0,NONE,,,,,0,NO CODE,,,,,,,,,,,0.0,0.0,3.0,0
1987882,3730594,4239979,1,1,1,1,DRVR,0,0,9,0,9.0,UNK,9.0,UNK,9,NONE,9,UNK,,,,,,,,,,0,NONE,0,NONE,,,,,0,NO CODE,,,,,,,,,,,,,,0
1987902,3730627,4240012,1,1,1,1,DRVR,0,0,9,0,9.0,UNK,9.0,UNK,9,NONE,9,UNK,,,,,,,,,,0,NONE,0,NONE,,,,,0,NO CODE,,,,,,,,,,,0.0,0.0,3.0,0
1987902,3730628,4240013,2,2,1,1,DRVR,0,0,9,0,9.0,UNK,9.0,UNK,9,NONE,9,UNK,,,,,,,,,,0,NONE,0,NONE,,,,,0,NO CODE,,,,,,,,,,,0.0,0.0,3.0,0
1987928,3730674,4240057,1,1,1,1,DRVR,0,0,9,0,9.0,UNK,9.0,UNK,9,NONE,9,UNK,,,,,,,,,,0,NONE,0,NONE,,,,,0,NO CODE,,,,,,,,,,,,,,0
1987928,3730675,4240058,2,2,1,1,DRVR,0,0,9,0,9.0,UNK,9.0,UNK,9,NONE,9,UNK,,,,,,,,,,0,NONE,0,NONE,,,,,0,NO CODE,,,,,,,,,,,,,,0
1987930,3730678,4240061,1,1,1,1,DRVR,0,0,9,0,9.0,UNK,9.0,UNK,9,NONE,9,UNK,,,,,,,,,,0,NONE,0,NONE,,,,,0,NO CODE,,,,,,,,,,,,,,0
1987930,3730679,4240062,2,2,1,1,DRVR,0,0,9,0,9.0,UNK,9.0,UNK,9,NONE,9,UNK,,,,,,,,,,0,NONE,0,NONE,,,,,0,NO CODE,,,,,,,,,,,,,,0
1987933,3730683,4240066,1,1,1,1,DRVR,0,0,9,0,9.0,UNK,9.0,UNK,9,NONE,9,UNK,,,,,,,,,,0,NONE,0,NONE,,,,,0,NO CODE,,,,,,,,,,,,,,0
1987933,3730684,4240067,2,2,1,1,DRVR,0,0,9,0,9.0,UNK,9.0,UNK,9,NONE,9,UNK,,,,,,,,,,0,NONE,0,NONE,,,,,0,NO CODE,,,,,,,,,,,,,,0
1988000,3730795,4240175,1,1,1,1,DRVR,0,0,9,0,9.0,UNK,9.0,UNK,9,NONE,9,UNK,,,,,,,,,,0,NONE,0,NONE,,,,,0,NO CODE,,,,,,,,,,,,,,0
1988000,3730796,4240176,2,2,1,1,DRVR,0,0,9,0,9.0,UNK,9.0,UNK,9,NONE,9,UNK,,,,,,,,,,0,NONE,0,NONE,,,,,0,NO CODE,,,,,,,,,,,,,,0
1988069,3730928,4240313,1,1,1,1,DRVR,0,0,9,0,9.0,UNK,9.0,UNK,9,NONE,9,UNK,,,,,,,,,,0,NONE,0,NONE,,,,,0,NO CODE,,,,,,,,,,,0.0,0.0,3.0,0
1988069,3730929,4240314,2,2,1,1,DRVR,0,0,9,0,9.0,UNK,9.0,UNK,9,NONE,9,UNK,,,,,,,,,,0,NONE,0,NONE,,,,,0,NO CODE,,,,,,,,,,,0.0,0.0,3.0,0
1988214,3731178,4240580,1,1,1,1,DRVR,0,0,9,0,9.0,UNK,9.0,UNK,9,NONE,9,UNK,,,,,,,,,,0,NONE,0,NONE,,,,,0,NO CODE,,,,,,,,,,86.0,0.0,0.0,3.0,0
1988236,3731217,4240619,1,1,1,1,DRVR,0,0,9,0,9.0,UNK,9.0,UNK,9,NONE,9,UNK,,,,,,,,,,0,NONE,0,NONE,,,,,0,NO CODE,,,,,,,,,,,0.0,0.0,3.0,0
1988236,3731218,4240620,2,2,1,1,DRVR,0,0,9,0,9.0,UNK,9.0,UNK,9,NONE,9,UNK,,,,,,,,,,0,NONE,0,NONE,,,,,0,NO CODE,,,,,,,,,,,0.0,0.0,3.0,0
1990607,3735389,4244813,1,1,1,1,DRVR,0,0,1,36,1.0,OR-Y,2.0,OR>25,9,NONE,2,BELT,0.0,,,,,,,,,0,NONE,27,BIKE ROW,,,,,2,NO-YIELD,,,,,,,,,,0.0,0.0,0.0,3.0,0
1997062,3746625,4256475,1,1,1,1,DRVR,0,0,9,0,9.0,UNK,9.0,UNK,9,NONE,9,UNK,,,,,,,,,,0,NONE,0,NONE,,,,,0,NO CODE,,,,,,,,,,86.0,0.0,0.0,3.0,0
