CRASH_ID,VHCL_ID,VHCL_CODED_SEQ_NO,VHCL_OWNSHP_CD,VHCL_OWNSHP_SHORT_DESC,VHCL_USE_CD,VHCL_USE_SHORT_DESC,VHCL_TYP_CD,VHCL_TYP_SHORT_DESC,EMRGCY_VHCL_USE_FLG,TRLR_QTY,MVMNT_CD,MVMNT_SHORT_DESC,CMPSS_DIR_FROM_CD,VHCL_CMPSS_DIR_FROM_SHORT_DESC,CMPSS_DIR_TO_CD,VHCL_CMPSS_DIR_TO_SHORT_DESC,ACTN_CD,ACTN_SHORT_DESC,VHCL_CAUSE_1_CD,VHCL_CAUSE_1_SHORT_DESC,VHCL_CAUSE_2_CD,VHCL_CAUSE_2_SHORT_DESC,VHCL_CAUSE_3_CD,VHCL_CAUSE_3_SHORT_DESC,VHCL_EVNT_1_CD,VHCL_EVNT_1_SHORT_DESC,VHCL_EVNT_2_CD,VHCL_EVNT_2_SHORT_DESC,VHCL_EVNT_3_CD,VHCL_EVNT_3_SHORT_DESC,VHCL_SPEED_FLG,VHCL_HIT_RUN_FLG,VHCL_SFTY_EQUIP_USED_QTY,VHCL_SFTY_EQUIP_UNUSED_QTY,VHCL_SFTY_EQUIP_USE_UNKNWN_QTY,VHCL_OCCUP_CNT,STRIKG_VHCL_FLG
1775376,3346105,1,1,PRVTE,0,NONE,1,PSNGR CAR,0,0.0,1,STRGHT,3,E,7,W,0,NONE,,,,,,,,,,,,,0,0,0,1,0,1,1
1775376,3346106,2,1,PRVTE,0,NONE,4,SEMI TOW,0,1.0,3,TURN-L,7,W,1,N,0,NONE,,,,,,,,,,,,,0,0,1,0,0,1,0
1776087,3347439,1,1,PRVTE,0,NONE,1,PSNGR CAR,0,0.0,1,STRGHT,8,NW,4,SE,0,NONE,,,,,,,,,,,,,0,1,0,0,1,1,1
1776087,3347440,2,1,PRVTE,0,NONE,1,PSNGR CAR,0,0.0,1,STRGHT,8,NW,4,SE,6,SLOW DN,,,,,,,,,,,,,0,0,1,0,0,1,0
1777280,3349711,1,1,PRVTE,0,NONE,1,PSNGR CAR,0,0.0,1,STRGHT,2,NE,6,SW,0,NONE,,,,,,,,,,,,,0,0,1,0,1,2,1
1777280,3349712,2,1,PRVTE,0,NONE,1,PSNGR CAR,0,0.0,1,STRGHT,2,NE,6,SW,6,SLOW DN,,,,,,,,,,,,,0,0,3,0,0,3,0
1777481,3350078,1,1,PRVTE,0,NONE,1,PSNGR CAR,0,0.0,1,STRGHT,1,N,5,S,0,NONE,,,,,,,,,,,,,0,0,1,0,0,1,1
1777481,3350079,2,1,PRVTE,0,NONE,1,PSNGR CAR,0,0.0,6,STOP,1,N,5,S,11,STOPPED,,,,,,,,,,,,,0,0,2,0,0,2,0
1777530,3350165,1,1,PRVTE,0,NONE,1,PSNGR CAR,0,0.0,1,STRGHT,6,SW,2,NE,0,NONE,,,,,,,,,,,,,0,0,1,0,0,1,1
1777530,3350166,2,1,PRVTE,0,NONE,1,PSNGR CAR,0,0.0,1,STRGHT,4,SE,8,NW,0,NONE,,,,,,,,,,,,,0,0,0,0,1,1,0
1779094,3353145,1,1,PRVTE,0,NONE,1,PSNGR CAR,0,0.0,1,STRGHT,6,SW,2,NE,15,GO A/STOP,,,,,,,,,,,,,0,0,1,0,0,1,1
1779094,3353146,2,1,PRVTE,0,NONE,1,PSNGR CAR,0,0.0,1,STRGHT,4,SE,8,NW,0,NONE,,,,,,,,,,,,,0,0,1,0,0,1,0
1784606,3363458,1,1,PRVTE,0,NONE,1,PSNGR CAR,0,0.0,1,STRGHT,2,NE,6,SW,0,NONE,,,,,,,,,,,,,0,0,1,0,0,1,1
1784606,3363459,2,1,PRVTE,0,NONE,1,PSNGR CAR,0,0.0,6,STOP,2,NE,6,SW,11,STOPPED,,,,,,,,,,,,,0,0,3,0,0,3,0
1788023,3369996,1,1,PRVTE,0,NONE,1,PSNGR CAR,0,0.0,1,STRGHT,7,W,3,E,0,NONE,,,,,,,,,,,,,0,0,1,0,0,1,1
1788023,3369997,2,1,PRVTE,0,NONE,1,PSNGR CAR,0,0.0,6,STOP,7,W,3,E,11,STOPPED,,,,,,,,,,,,,0,0,2,0,0,2,0
1788045,3370038,1,1,PRVTE,0,NONE,1,PSNGR CAR,0,0.0,1,STRGHT,2,NE,6,SW,22,PREV COL,,,,,,,,,,,,,0,0,1,0,0,1,1
1788045,3370039,2,1,PRVTE,0,NONE,1,PSNGR CAR,0,0.0,6,STOP,2,NE,6,SW,22,PREV COL,,,,,,,,,,,,,0,0,2,0,0,2,0
1788045,3370040,3,1,PRVTE,0,NONE,1,PSNGR CAR,0,0.0,6,STOP,2,NE,6,SW,11,STOPPED,,,,,,,,,,,,,0,0,0,0,1,1,0
1788068,3370088,1,1,PRVTE,0,NONE,1,PSNGR CAR,0,0.0,1,STRGHT,4,SE,8,NW,22,PREV COL,,,,,,,,,,,,,0,0,1,0,0,1,1
1788068,3370089,2,1,PRVTE,0,NONE,1,PSNGR CAR,0,0.0,6,STOP,4,SE,8,NW,22,PREV COL,,,,,,,,,,,,,0,0,2,0,0,2,0
1788068,3370090,3,1,PRVTE,0,NONE,1,PSNGR CAR,0,0.0,6,STOP,4,SE,8,NW,11,STOPPED,,,,,,,,,,,,,0,0,1,0,0,1,0
1788139,3370234,1,1,PRVTE,0,NONE,1,PSNGR CAR,0,0.0,1,STRGHT,3,E,7,W,0,NONE,,,,,,,,,,,,,0,0,2,0,0,2,1
1794003,3381398,1,1,PRVTE,0,NONE,1,PSNGR CAR,0,0.0,1,STRGHT,7,W,3,E,0,NONE,,,,,,,,,,,,,0,0,2,0,0,2,1
1794003,3381399,2,1,PRVTE,0,NONE,1,PSNGR CAR,0,0.0,1,STRGHT,1,N,5,S,0,NONE,,,,,,,,,,,,,0,0,1,0,0,1,0
1794038,3381468,1,1,PRVTE,0,NONE,1,PSNGR CAR,0,0.0,1,STRGHT,6,SW,2,NE,0,NONE,,,,,,,,,,,,,0,0,1,0,0,1,1
1794038,3381469,2,1,PRVTE,0,NONE,1,PSNGR CAR,0,0.0,1,STRGHT,6,SW,2,NE,6,SLOW DN,,,,,,,,,,,,,0,0,1,0,0,1,0
1794085,3381558,1,1,PRVTE,0,NONE,1,PSNGR CAR,0,0.0,1,STRGHT,6,SW,2,NE,0,NONE,,,,,,,,,,,,,0,0,2,0,0,2,1
1794085,3381559,2,1,PRVTE,0,NONE,1,PSNGR CAR,0,0.0,6,STOP,6,SW,2,NE,11,STOPPED,,,,,,,,,,,,,0,0,2,0,0,2,0
1794107,3381597,1,1,PRVTE,0,NONE,1,PSNGR CAR,0,0.0,1,STRGHT,7,W,3,E,0,NONE,,,,,,,,,,,,,0,0,1,0,0,1,1
1794136,3381649,1,1,PRVTE,0,NONE,1,PSNGR CAR,0,0.0,1,STRGHT,4,SE,8,NW,0,NONE,,,,,,,,,,,,,0,0,1,0,0,1,1
1794136,3381650,2,1,PRVTE,0,NONE,1,PSNGR CAR,0,0.0,3,TURN-L,1,N,4,SE,15,GO A/STOP,,,,,,,,,,,,,0,0,2,0,1,3,0
1795504,3384249,1,1,PRVTE,0,NONE,1,PSNGR CAR,0,0.0,1,STRGHT,6,SW,2,NE,0,NONE,,,,,,,,,,,,,0,0,1,0,0,1,1
1795504,3384250,2,1,PRVTE,0,NONE,1,PSNGR CAR,0,0.0,6,STOP,6,SW,2,NE,11,STOPPED,,,,,,,,,,,,,0,0,2,0,0,2,0
1795511,3384264,1,1,PRVTE,0,NONE,1,PSNGR CAR,0,0.0,1,STRGHT,4,SE,8,NW,0,NONE,,,,,,,,,,,,,0,0,1,0,0,1,1
1795511,3384265,2,4,RENTL,0,NONE,5,TRUCK,0,0.0,7,PRKD-P,4,SE,8,NW,8,PAR PARK,,,,,,,,,,,,,0,0,0,0,0,0,0
1795631,3384503,1,1,PRVTE,0,NONE,1,PSNGR CAR,0,0.0,1,STRGHT,6,SW,2,NE,0,NONE,,,,,,,,,,,,,0,0,0,0,1,1,1
1795631,3384504,2,1,PRVTE,0,NONE,1,PSNGR CAR,0,0.0,1,STRGHT,2,NE,6,SW,0,NONE,,,,,,,,,,,,,0,0,1,0,0,1,0
1796435,3386082,1,1,PRVTE,0,NONE,1,PSNGR CAR,0,,1,STRGHT,7,W,3,E,88,OTHER,,,,,,,,,,,,,0,0,1,0,0,1,1
1796435,3386083,2,1,PRVTE,0,NONE,4,SEMI TOW,0,1.0,7,PRKD-P,7,W,3,E,8,PAR PARK,,,,,,,,,,,,,0,0,0,0,0,0,0
1796607,3386416,1,1,PRVTE,0,NONE,9,MTRCYCLE,0,,1,STRGHT,3,E,7,W,0,NONE,,,,,,,,,,,,,0,0,0,0,1,1,1
1796607,3386417,2,1,PRVTE,0,NONE,1,PSNGR CAR,0,,1,STRGHT,3,E,7,W,0,NONE,,,,,,,,,,,,,0,0,1,0,0,1,0
1796642,3386478,1,1,PRVTE,0,NONE,1,PSNGR CAR,0,,1,STRGHT,3,E,7,W,0,NONE,,,,,,,,,,,,,0,0,0,0,1,1,1
1796642,3386479,2,1,PRVTE,0,NONE,1,PSNGR CAR,0,,6,STOP,3,E,7,W,11,STOPPED,,,,,,,,,,,,,0,0,1,0,0,1,0
1797516,3388133,1,1,PRVTE,0,NONE,1,PSNGR CAR,0,0.0,1,STRGHT,6,SW,2,NE,0,NONE,,,,,,,,,,,,,0,0,1,0,0,1,1
1797516,3388134,2,1,PRVTE,0,NONE,1,PSNGR CAR,0,0.0,6,STOP,6,SW,2,NE,11,STOPPED,,,,,,,,,,,,,0,0,2,0,0,2,0
1797707,3388504,1,1,PRVTE,0,NONE,1,PSNGR CAR,0,0.0,1,STRGHT,6,SW,2,NE,0,NONE,,,,,,,,,,,,,0,0,3,0,0,3,1
1797707,3388505,2,1,PRVTE,0,NONE,1,PSNGR CAR,0,0.0,1,STRGHT,8,NW,4,SE,18,EXIT DWY,,,,,,,,,,,,,0,0,2,0,0,2,0
1798149,3389348,1,1,PRVTE,0,NONE,1,PSNGR CAR,0,0.0,1,STRGHT,3,E,7,W,22,PREV COL,,,,,,,,,,,,,0,1,0,0,1,1,1
1798149,3389349,2,1,PRVTE,0,NONE,1,PSNGR CAR,0,0.0,7,PRKD-P,3,E,7,W,8,PAR PARK,,,,,,,,,,,,,0,0,0,0,0,0,0
1798149,3389350,3,1,PRVTE,0,NONE,1,PSNGR CAR,0,0.0,7,PRKD-P,3,E,7,W,8,PAR PARK,,,,,,,,,,,,,0,0,0,0,0,0,0
1798149,3389351,4,1,PRVTE,0,NONE,1,PSNGR CAR,0,0.0,7,PRKD-P,1,N,5,S,8,PAR PARK,,,,,,,,,,,,,0,0,0,0,0,0,0
1798422,3389879,1,1,PRVTE,0,NONE,1,PSNGR CAR,0,0.0,2,TURN-R,4,SE,1,N,0,NONE,,,,,,,,,,,,,0,0,3,0,0,3,1
1798422,3389880,2,1,PRVTE,0,NONE,1,PSNGR CAR,0,0.0,2,TURN-R,4,SE,1,N,52,MERGING,,,,,,,,,,,,,0,0,1,0,0,1,0
1798462,3389955,1,1,PRVTE,0,NONE,1,PSNGR CAR,0,0.0,1,STRGHT,3,E,7,W,15,GO A/STOP,,,,,,,,,,,,,0,0,1,0,0,1,1
1798462,3389956,2,1,PRVTE,0,NONE,1,PSNGR CAR,0,0.0,1,STRGHT,1,N,5,S,0,NONE,,,,,,,,,,,,,0,0,2,0,0,2,0
1798541,3390113,1,1,PRVTE,0,NONE,1,PSNGR CAR,0,0.0,1,STRGHT,8,NW,4,SE,0,NONE,,,,,,,,,,,,,0,0,1,0,0,1,1
1798541,3390114,2,1,PRVTE,0,NONE,1,PSNGR CAR,0,0.0,1,STRGHT,6,SW,2,NE,15,GO A/STOP,,,,,,,,,,,,,0,0,3,0,0,3,0
1803365,3399297,1,0,,0,NONE,1,PSNGR CAR,0,9.0,3,TURN-L,6,SW,8,NW,88,OTHER,,,,,,,,,,,,,0,0,1,0,1,2,1
1803397,3399350,1,0,,0,NONE,1,PSNGR CAR,0,9.0,1,STRGHT,2,NE,6,SW,0,NONE,,,,,,,,,,,,,0,0,0,0,4,4,1
1803397,3399351,2,0,,0,NONE,1,PSNGR CAR,0,9.0,6,STOP,2,NE,6,SW,11,STOPPED,,,,,,,,,,,,,0,0,2,0,0,2,0
1805193,3402592,1,0,,0,NONE,1,PSNGR CAR,0,9.0,1,STRGHT,1,N,5,S,88,OTHER,,,,,,,,,,,,,0,0,2,0,0,2,1
1806353,3404685,1,0,,0,NONE,4,SEMI TOW,0,9.0,1,STRGHT,5,S,1,N,88,OTHER,,,,,,,,,,,,,0,0,1,0,0,1,1
1806494,3404941,1,0,,0,NONE,1,PSNGR CAR,0,9.0,1,STRGHT,5,S,1,N,88,OTHER,,,,,,,,,,,,,0,0,1,0,0,1,1
1806494,3404942,2,0,,0,NONE,1,PSNGR CAR,0,9.0,6,STOP,5,S,1,N,11,STOPPED,,,,,,,,,,,,,0,0,1,0,0,1,0
1807565,3406814,1,0,,0,NONE,1,PSNGR CAR,0,9.0,1,STRGHT,4,SE,8,NW,0,NONE,,,,,,,,,,,,,0,0,1,0,0,1,1
1807565,3406815,2,0,,0,NONE,1,PSNGR CAR,0,9.0,6,STOP,4,SE,8,NW,11,STOPPED,,,,,,,,,,,,,0,0,1,0,0,1,0
1809476,3410198,1,1,PRVTE,0,NONE,1,PSNGR CAR,0,0.0,1,STRGHT,8,NW,4,SE,0,NONE,,,,,,,,,,,,,0,0,1,0,0,1,1
1810375,3411744,1,0,,0,NONE,1,PSNGR CAR,0,9.0,1,STRGHT,7,W,3,E,88,OTHER,,,,,,,,,,,,,0,0,1,0,0,1,1
1810375,3411745,2,0,,0,NONE,1,PSNGR CAR,0,9.0,1,STRGHT,7,W,3,E,0,NONE,,,,,,,,,,,,,0,0,1,0,0,1,0
1810476,3411912,1,0,,0,NONE,1,PSNGR CAR,0,9.0,2,TURN-R,2,NE,8,NW,0,NONE,,,,,,,,,,,,,0,0,2,0,0,2,1
1813352,3416905,1,0,,0,NONE,1,PSNGR CAR,0,9.0,1,STRGHT,4,SE,8,NW,7,AVOIDING,,,,,,,,,,,,,0,0,2,0,0,2,1
1813461,3417084,1,0,,0,NONE,1,PSNGR CAR,0,9.0,1,STRGHT,7,W,3,E,0,NONE,,,,,,,,,,,,,0,0,0,0,1,1,1
1813461,3417085,2,0,,0,NONE,1,PSNGR CAR,0,9.0,7,PRKD-P,7,W,3,E,8,PAR PARK,,,,,,,,,,,,,0,0,0,0,0,0,0
1814427,3418748,1,0,,0,NONE,1,PSNGR CAR,0,9.0,3,TURN-L,1,N,4,SE,15,GO A/STOP,,,,,,,,,,,,,0,0,0,0,1,1,1
1814427,3418749,2,0,,0,NONE,1,PSNGR CAR,0,9.0,1,STRGHT,4,SE,8,NW,0,NONE,,,,,,,,,,,,,0,0,6,0,0,6,0
1815808,3421049,1,0,,0,NONE,1,PSNGR CAR,0,9.0,1,STRGHT,8,NW,4,SE,0,NONE,,,,,,,,,,,,,0,0,0,0,1,1,1
1815808,3421050,2,0,,0,NONE,1,PSNGR CAR,0,9.0,6,STOP,8,NW,4,SE,12,STP/L TRN,,,,,,,,,,,,,0,0,0,0,1,1,0
1819814,3427804,1,0,,0,NONE,1,PSNGR CAR,0,9.0,1,STRGHT,4,SE,8,NW,0,NONE,,,,,,,,,,,,,0,0,1,0,0,1,1
1819814,3427805,2,0,,0,NONE,1,PSNGR CAR,0,9.0,6,STOP,4,SE,8,NW,11,STOPPED,,,,,,,,,,,,,0,0,1,0,0,1,0
1820036,3428210,1,0,,0,NONE,1,PSNGR CAR,0,9.0,1,STRGHT,4,SE,8,NW,0,NONE,,,,,,,,,,,,,0,0,0,0,1,1,1
1820036,3428211,2,0,,0,NONE,1,PSNGR CAR,0,9.0,2,TURN-R,4,SE,1,N,6,SLOW DN,,,,,,,,,,,,,0,0,1,0,0,1,0
1820398,3428858,1,0,,0,NONE,1,PSNGR CAR,0,9.0,1,STRGHT,2,NE,6,SW,0,NONE,,,,,,,,,,,,,0,0,1,8,0,9,1
1820398,3428859,2,0,,0,NONE,1,PSNGR CAR,0,9.0,6,STOP,2,NE,6,SW,11,STOPPED,,,,,,,,,,,,,0,0,3,0,0,3,0
1820671,3429353,1,0,,0,NONE,1,PSNGR CAR,0,9.0,1,STRGHT,0,UN,0,UN,0,NONE,,,,,,,,,,,,,0,0,1,0,0,1,1
1820671,3429354,2,0,,0,NONE,1,PSNGR CAR,0,9.0,1,STRGHT,0,UN,0,UN,0,NONE,,,,,,,,,,,,,0,0,1,0,0,1,0
1821929,3431585,1,0,,0,NONE,1,PSNGR CAR,0,9.0,1,STRGHT,2,NE,6,SW,22,PREV COL,,,,,,,,,,,,,0,0,0,0,1,1,1
1821929,3431586,2,0,,0,NONE,1,PSNGR CAR,0,9.0,1,STRGHT,6,SW,2,NE,22,PREV COL,,,,,,,,,,,,,0,0,0,0,1,1,0
1821937,3431601,1,0,,0,NONE,1,PSNGR CAR,0,9.0,1,STRGHT,2,NE,6,SW,22,PREV COL,,,,,,,,,,,,,0,0,0,0,1,1,1
1821937,3431602,2,0,,0,NONE,1,PSNGR CAR,0,9.0,1,STRGHT,6,SW,2,NE,22,PREV COL,,,,,,,,,,,,,0,0,0,0,1,1,0
1826497,3439770,1,1,PRVTE,0,NONE,1,PSNGR CAR,0,0.0,2,TURN-R,6,SW,4,SE,22,PREV COL,,,,,,,,,,,,,0,0,1,0,0,1,1
1826497,3439771,2,1,PRVTE,0,NONE,9,MTRCYCLE,0,0.0,1,STRGHT,8,NW,4,SE,22,PREV COL,,,,,,,,,,,,,0,0,1,0,0,1,0
1826497,3439772,3,1,PRVTE,0,NONE,1,PSNGR CAR,0,0.0,1,STRGHT,8,NW,4,SE,0,NONE,,,,,,,,,,,,,0,0,3,0,0,3,0
1826737,3440174,1,1,PRVTE,0,NONE,1,PSNGR CAR,0,0.0,1,STRGHT,5,S,1,N,0,NONE,,,,,,,,,,,,,0,0,1,2,0,3,1
1826754,3440202,1,1,PRVTE,0,NONE,1,PSNGR CAR,0,0.0,1,STRGHT,4,SE,8,NW,22,PREV COL,,,,,,,,,,,,,0,0,1,0,0,1,1
1826754,3440203,2,1,PRVTE,0,NONE,1,PSNGR CAR,0,0.0,6,STOP,4,SE,8,NW,22,PREV COL,,,,,,,,,,,,,0,0,4,0,0,4,0
1826754,3440204,3,1,PRVTE,0,NONE,1,PSNGR CAR,0,0.0,6,STOP,4,SE,8,NW,11,STOPPED,,,,,,,,,,,,,0,0,0,1,0,1,0
1829013,3444431,1,1,PRVTE,0,NONE,1,PSNGR CAR,0,0.0,1,STRGHT,5,S,1,N,0,NONE,,,,,,,,,,,,,0,0,1,0,0,1,1
1829013,3444432,2,1,PRVTE,0,NONE,1,PSNGR CAR,0,0.0,1,STRGHT,5,S,1,N,0,NONE,,,,,,,,,,,,,0,0,1,0,0,1,0
1829075,3444545,1,1,PRVTE,0,NONE,1,PSNGR CAR,0,0.0,1,STRGHT,4,SE,8,NW,0,NONE,,,,,,,,,,,,,0,1,0,0,1,1,1
1829075,3444546,2,1,PRVTE,0,NONE,1,PSNGR CAR,0,0.0,6,STOP,4,SE,8,NW,11,STOPPED,,,,,,,,,,,,,0,0,1,0,0,1,0
1830267,3446915,1,1,PRVTE,0,NONE,1,PSNGR CAR,0,0.0,1,STRGHT,2,NE,6,SW,0,NONE,,,,,,,,,,,,,1,0,1,0,0,1,1
1830267,3446916,2,1,PRVTE,0,NONE,1,PSNGR CAR,0,0.0,1,STRGHT,2,NE,6,SW,0,NONE,,,,,,,,,,,,,0,0,2,0,0,2,0
1830275,3446929,1,1,PRVTE,0,NONE,1,PSNGR CAR,0,0.0,1,STRGHT,8,NW,4,SE,0,NONE,,,,,,,,,,,,,0,0,0,0,1,1,1
1830275,3446930,2,1,PRVTE,0,NONE,1,PSNGR CAR,0,0.0,6,STOP,8,NW,4,SE,12,STP/L TRN,,,,,,,,,,,,,0,0,1,0,0,1,0
1831624,3449557,1,1,PRVTE,0,NONE,1,PSNGR CAR,0,0.0,1,STRGHT,4,SE,8,NW,0,NONE,,,,,,,,,,,,,0,0,1,0,0,1,1
1831624,3449558,2,1,PRVTE,0,NONE,1,PSNGR CAR,0,0.0,6,STOP,4,SE,8,NW,11,STOPPED,,,,,,,,,,,,,0,0,1,0,0,1,0
1831630,3449568,1,1,PRVTE,0,NONE,1,PSNGR CAR,0,0.0,1,STRGHT,8,NW,4,SE,0,NONE,,,,,,,,,,,,,0,0,0,0,1,1,1
1831654,3449611,1,1,PRVTE,0,NONE,1,PSNGR CAR,0,0.0,5,BACK,7,W,3,E,0,NONE,,,,,,,,,,,,,0,0,2,0,0,2,1
1832931,3451993,1,1,PRVTE,0,NONE,1,PSNGR CAR,0,0.0,1,STRGHT,6,SW,2,NE,0,NONE,,,,,,,,,,,,,0,0,2,0,0,2,1
1832931,3451994,2,1,PRVTE,0,NONE,1,PSNGR CAR,0,0.0,1,STRGHT,6,SW,2,NE,0,NONE,,,,,,,,,,,,,0,0,0,0,1,1,0
1834433,3454801,1,1,PRVTE,0,NONE,1,PSNGR CAR,0,0.0,3,TURN-L,1,N,4,SE,15,GO A/STOP,,,,,,,,,,,,,0,0,0,0,2,2,1
1834433,3454802,2,1,PRVTE,0,NONE,1,PSNGR CAR,0,0.0,1,STRGHT,4,SE,8,NW,0,NONE,,,,,,,,,,,,,0,0,2,0,0,2,0
1834512,3454955,1,1,PRVTE,0,NONE,1,PSNGR CAR,0,0.0,3,TURN-L,2,NE,4,SE,0,NONE,,,,,,,,,,,,,0,0,1,0,0,1,1
1834512,3454956,2,1,PRVTE,0,NONE,1,PSNGR CAR,0,0.0,6,STOP,4,SE,8,NW,11,STOPPED,,,,,,,,,,,,,0,0,1,0,0,1,0
1836686,3459041,1,1,PRVTE,0,NONE,1,PSNGR CAR,0,0.0,1,STRGHT,4,SE,8,NW,0,NONE,,,,,,,,,,,,,0,0,1,0,0,1,1
1836796,3459245,1,1,PRVTE,0,NONE,1,PSNGR CAR,0,0.0,1,STRGHT,6,SW,2,NE,0,NONE,,,,,,,,,,,,,0,0,1,0,0,1,1
1836796,3459246,2,1,PRVTE,0,NONE,1,PSNGR CAR,0,0.0,6,STOP,6,SW,2,NE,11,STOPPED,,,,,,,,,,,,,0,0,1,0,0,1,0
1836822,3459289,1,1,PRVTE,0,NONE,1,PSNGR CAR,0,0.0,1,STRGHT,8,NW,4,SE,0,NONE,,,,,,,,,,,,,0,0,1,0,0,1,1
1838357,3462185,1,1,PRVTE,0,NONE,1,PSNGR CAR,0,0.0,1,STRGHT,4,SE,8,NW,0,NONE,,,,,,,,,,,,,0,0,4,0,0,4,1
1838357,3462186,2,1,PRVTE,0,NONE,1,PSNGR CAR,0,0.0,6,STOP,4,SE,8,NW,11,STOPPED,,,,,,,,,,,,,0,0,2,0,0,2,0
1838923,3463303,1,1,PRVTE,0,NONE,1,PSNGR CAR,0,0.0,1,STRGHT,3,E,7,W,0,NONE,,,,,,,,,,,,,0,0,0,0,1,1,1
1838923,3463304,2,1,PRVTE,0,NONE,1,PSNGR CAR,0,0.0,6,STOP,3,E,7,W,11,STOPPED,,,,,,,,,,,,,0,0,0,0,1,1,0
1839017,3463506,1,1,PRVTE,0,NONE,1,PSNGR CAR,0,0.0,1,STRGHT,4,SE,8,NW,0,NONE,,,,,,,,,,,,,0,0,3,0,0,3,1
1839017,3463507,2,1,PRVTE,0,NONE,1,PSNGR CAR,0,0.0,6,STOP,4,SE,8,NW,11,STOPPED,,,,,,,,,,,,,0,0,2,0,0,2,0
1840392,3466272,1,1,PRVTE,0,NONE,1,PSNGR CAR,0,0.0,1,STRGHT,2,NE,6,SW,0,NONE,,,,,,,,,,,,,0,0,4,0,0,4,1
1840392,3466273,2,1,PRVTE,0,NONE,1,PSNGR CAR,0,0.0,1,STRGHT,4,SE,8,NW,0,NONE,,,,,,,,,,,,,0,0,2,0,0,2,0
1840416,3466318,1,1,PRVTE,0,NONE,1,PSNGR CAR,0,0.0,1,STRGHT,2,NE,6,SW,22,PREV COL,,,,,,,,,,,,,0,0,1,0,0,1,1
1840416,3466319,2,1,PRVTE,0,NONE,1,PSNGR CAR,0,0.0,1,STRGHT,2,NE,6,SW,22,PREV COL,,,,,,,,,,,,,0,0,1,0,0,1,0
1840416,3466320,3,1,PRVTE,0,NONE,1,PSNGR CAR,0,0.0,6,STOP,2,NE,6,SW,22,PREV COL,,,,,,,,,,,,,0,0,1,0,0,1,0
1840416,3466321,4,1,PRVTE,0,NONE,1,PSNGR CAR,0,0.0,6,STOP,2,NE,6,SW,22,PREV COL,,,,,,,,,,,,,0,0,1,0,0,1,0
1840416,3466322,5,1,PRVTE,0,NONE,1,PSNGR CAR,0,0.0,6,STOP,2,NE,6,SW,11,STOPPED,,,,,,,,,,,,,0,0,1,0,0,1,0
1840456,3466397,1,1,PRVTE,0,NONE,1,PSNGR CAR,0,0.0,1,STRGHT,2,NE,6,SW,0,NONE,,,,,,,,,,,,,0,0,1,0,0,1,1
1840558,3466590,1,1,PRVTE,0,NONE,1,PSNGR CAR,0,0.0,1,STRGHT,2,NE,6,SW,0,NONE,,,,,,,,,,,,,0,0,2,0,0,2,1
1840558,3466591,2,1,PRVTE,0,NONE,1,PSNGR CAR,0,0.0,6,STOP,2,NE,6,SW,11,STOPPED,,,,,,,,,,,,,0,0,1,0,0,1,0
1842847,3470972,1,1,PRVTE,0,NONE,1,PSNGR CAR,0,0.0,3,TURN-L,4,SE,6,SW,0,NONE,,,,,,,,,,,,,0,0,1,0,0,1,1
1842847,3470973,2,1,PRVTE,0,NONE,1,PSNGR CAR,0,0.0,1,STRGHT,8,NW,4,SE,0,NONE,,,,,,,,,,,,,0,0,0,0,1,1,0
1843025,3471302,1,1,PRVTE,0,NONE,1,PSNGR CAR,0,0.0,2,TURN-R,2,NE,8,NW,88,OTHER,,,,,,,,,,,,,0,0,1,0,0,1,1
1843086,3471418,1,1,PRVTE,0,NONE,1,PSNGR CAR,0,0.0,1,STRGHT,2,NE,6,SW,0,NONE,,,,,,,,,,,,,0,0,1,0,1,2,1
1843206,3471640,1,1,PRVTE,0,NONE,1,PSNGR CAR,0,0.0,1,STRGHT,8,NW,4,SE,0,NONE,,,,,,,,,,,,,0,0,0,0,1,1,1
1843206,3471641,2,1,PRVTE,0,NONE,1,PSNGR CAR,0,0.0,3,TURN-L,4,SE,6,SW,0,NONE,,,,,,,,,,,,,0,0,2,0,0,2,0
1847680,3480173,1,1,PRVTE,0,NONE,1,PSNGR CAR,0,0.0,1,STRGHT,0,UN,0,UN,0,NONE,,,,,,,,,,,,,0,0,1,0,0,1,1
1847680,3480174,2,1,PRVTE,0,NONE,1,PSNGR CAR,0,0.0,7,PRKD-P,4,SE,8,NW,32,PRKOFFRD,,,,,,,,,,,,,0,0,0,0,0,0,0
1854705,3493353,1,0,,0,NONE,1,PSNGR CAR,0,9.0,1,STRGHT,6,SW,2,NE,22,PREV COL,,,,,,,,,,,,,0,0,0,0,1,1,1
1854705,3493354,2,0,,0,NONE,1,PSNGR CAR,0,9.0,1,STRGHT,2,NE,6,SW,0,NONE,,,,,,,,,,,,,0,0,1,0,0,1,0
1854777,3493468,1,0,,0,NONE,1,PSNGR CAR,0,9.0,1,STRGHT,4,SE,8,NW,0,NONE,,,,,,,,,,,,,0,0,0,0,1,1,1
1860302,3503161,1,0,,0,NONE,1,PSNGR CAR,0,9.0,1,STRGHT,0,UN,0,UN,88,OTHER,,,,,,,,,,,,,0,0,1,0,0,1,1
1860477,3503465,1,0,,0,NONE,1,PSNGR CAR,0,9.0,1,STRGHT,6,SW,2,NE,0,NONE,,,,,,,,,,,,,0,0,0,0,1,1,1
1860477,3503466,2,0,,0,NONE,1,PSNGR CAR,0,9.0,6,STOP,6,SW,2,NE,11,STOPPED,,,,,,,,,,,,,0,0,1,0,0,1,0
1865679,3512754,1,0,,0,NONE,1,PSNGR CAR,0,9.0,6,STOP,8,NW,4,SE,22,PREV COL,,,,,,,,,,,,,0,0,0,0,2,2,1
1865679,3512755,2,0,,0,NONE,1,PSNGR CAR,0,9.0,1,STRGHT,8,NW,4,SE,22,PREV COL,,,,,,,,,,,,,0,0,0,0,1,1,0
1867627,3516131,1,0,,0,NONE,1,PSNGR CAR,0,9.0,1,STRGHT,2,NE,6,SW,0,NONE,,,,,,,,,,,,,0,0,1,0,0,1,1
1867627,3516132,2,0,,0,NONE,1,PSNGR CAR,0,9.0,6,STOP,2,NE,6,SW,11,STOPPED,,,,,,,,,,,,,0,0,1,0,0,1,0
1869143,3518807,1,0,,0,NONE,1,PSNGR CAR,0,9.0,2,TURN-R,4,SE,2,NE,52,MERGING,,,,,,,,,,,,,0,0,1,0,0,1,1
1869143,3518808,2,0,,0,NONE,1,PSNGR CAR,0,9.0,6,STOP,4,SE,8,NW,11,STOPPED,,,,,,,,,,,,,0,0,3,0,0,3,0
1869149,3518817,1,0,,0,NONE,1,PSNGR CAR,0,9.0,3,TURN-L,1,N,3,E,15,GO A/STOP,,,,,,,,,,,,,0,0,1,0,0,1,1
1869149,3518818,2,0,,0,NONE,1,PSNGR CAR,0,9.0,1,STRGHT,3,E,7,W,0,NONE,,,,,,,,,,,,,0,0,1,0,0,1,0
1869159,3518832,1,0,,0,NONE,1,PSNGR CAR,0,9.0,1,STRGHT,4,SE,8,NW,0,NONE,,,,,,,,,,,,,0,0,0,0,1,1,1
1869159,3518833,2,0,,0,NONE,1,PSNGR CAR,0,9.0,6,STOP,4,SE,8,NW,11,STOPPED,,,,,,,,,,,,,0,0,0,0,1,1,0
1869162,3518838,1,0,,0,NONE,1,PSNGR CAR,0,9.0,1,STRGHT,4,SE,8,NW,0,NONE,,,,,,,,,,,,,0,0,0,0,1,1,1
1869162,3518839,2,0,,0,NONE,1,PSNGR CAR,0,9.0,1,STRGHT,4,SE,8,NW,0,NONE,,,,,,,,,,,,,0,0,0,0,3,3,0
1869202,3518909,1,0,,0,NONE,1,PSNGR CAR,0,9.0,1,STRGHT,4,SE,8,NW,0,NONE,,,,,,,,,,,,,0,0,0,0,1,1,1
1870990,3522100,1,0,,0,NONE,1,PSNGR CAR,0,9.0,1,STRGHT,4,SE,8,NW,0,NONE,,,,,,,,,,,,,0,0,1,0,0,1,1
1870990,3522101,2,0,,0,NONE,1,PSNGR CAR,0,9.0,6,STOP,4,SE,8,NW,11,STOPPED,,,,,,,,,,,,,0,0,1,0,0,1,0
1871012,3522136,1,0,,0,NONE,5,TRUCK,0,9.0,3,TURN-L,5,S,7,W,88,OTHER,,,,,,,,,,,,,0,0,1,0,0,1,1
1871012,3522137,2,0,,0,NONE,1,PSNGR CAR,0,9.0,1,STRGHT,1,N,5,S,0,NONE,,,,,,,,,,,,,0,0,1,0,0,1,0
1872731,3525134,1,0,,0,NONE,1,PSNGR CAR,0,9.0,1,STRGHT,4,SE,8,NW,0,NONE,,,,,,,,,,,,,0,0,1,0,0,1,1
1873047,3525672,1,0,,0,NONE,1,PSNGR CAR,0,9.0,1,STRGHT,4,SE,8,NW,7,AVOIDING,,,,,,,,,,,,,0,0,1,0,0,1,1
1873047,3525673,2,0,,0,NONE,1,PSNGR CAR,0,9.0,7,PRKD-P,4,SE,8,NW,8,PAR PARK,,,,,,,,,,,,,0,0,0,0,0,0,0
1873089,3525746,1,0,,0,NONE,1,PSNGR CAR,0,9.0,1,STRGHT,2,NE,6,SW,0,NONE,,,,,,,,,,,,,0,0,1,0,0,1,1
1873089,3525747,2,0,,0,NONE,1,PSNGR CAR,0,9.0,6,STOP,2,NE,6,SW,11,STOPPED,,,,,,,,,,,,,0,0,1,0,0,1,0
1873212,3525956,1,0,,0,NONE,1,PSNGR CAR,0,9.0,2,TURN-R,8,NW,6,SW,88,OTHER,,,,,,,,,,,,,0,0,0,0,1,1,1
1874696,3528476,1,0,,0,NONE,1,PSNGR CAR,0,9.0,1,STRGHT,8,NW,4,SE,0,NONE,,,,,,,,,,,,,0,0,1,0,0,1,1
1874794,3528634,1,0,,0,NONE,1,PSNGR CAR,0,9.0,9,PARKNG,2,NE,6,SW,8,PAR PARK,,,,,,,,,,,,,0,0,1,0,0,1,1
1874794,3528635,2,0,,0,NONE,1,PSNGR CAR,0,9.0,6,STOP,6,SW,2,NE,11,STOPPED,,,,,,,,,,,,,0,0,1,0,0,1,0
1875136,3529181,1,0,,0,NONE,1,PSNGR CAR,0,9.0,3,TURN-L,4,SE,6,SW,0,NONE,,,,,,,,,,,,,0,0,1,0,0,1,1
1875136,3529182,2,0,,0,NONE,1,PSNGR CAR,0,9.0,7,PRKD-P,2,NE,6,SW,9,ANG PARK,,,,,,,,,,,,,0,0,0,0,0,0,0
1875240,3529349,1,0,,0,NONE,1,PSNGR CAR,0,9.0,1,STRGHT,2,NE,6,SW,0,NONE,,,,,,,,,,,,,0,0,1,0,0,1,1
1875377,3529572,1,0,,0,NONE,1,PSNGR CAR,0,9.0,1,STRGHT,6,SW,2,NE,0,NONE,,,,,,,,,,,,,0,0,1,0,0,1,1
1875401,3529611,1,0,,0,NONE,1,PSNGR CAR,0,9.0,3,TURN-L,6,SW,8,NW,0,NONE,,,,,,,,,,,,,0,0,1,0,0,1,1
1875401,3529612,2,0,,0,NONE,1,PSNGR CAR,0,9.0,1,STRGHT,4,SE,8,NW,0,NONE,,,,,,,,,,,,,0,0,2,0,0,2,0
1875502,3529780,1,0,,0,NONE,1,PSNGR CAR,0,9.0,1,STRGHT,8,NW,4,SE,0,NONE,,,,,,,,,,,,,0,0,1,0,0,1,1
1875502,3529781,2,0,,0,NONE,1,PSNGR CAR,0,9.0,6,STOP,8,NW,4,SE,11,STOPPED,,,,,,,,,,,,,0,0,1,0,0,1,0
1875535,3529832,1,0,,0,NONE,1,PSNGR CAR,0,9.0,1,STRGHT,0,UN,0,UN,0,NONE,,,,,,,,,,,,,0,0,0,0,1,1,1
1875535,3529833,2,0,,0,NONE,1,PSNGR CAR,0,9.0,1,STRGHT,0,UN,0,UN,0,NONE,,,,,,,,,,,,,0,0,0,0,1,1,0
1875974,3530532,1,1,PRVTE,0,NONE,1,PSNGR CAR,0,0.0,1,STRGHT,2,NE,6,SW,22,PREV COL,,,,,,,,,,,,,0,0,1,0,0,1,1
1875974,3530533,2,1,PRVTE,0,NONE,1,PSNGR CAR,0,0.0,6,STOP,2,NE,6,SW,22,PREV COL,,,,,,,,,,,,,0,0,1,0,0,1,0
1875974,3530534,3,1,PRVTE,0,NONE,1,PSNGR CAR,0,0.0,6,STOP,2,NE,6,SW,11,STOPPED,,,,,,,,,,,,,0,0,1,0,0,1,0
1877186,3532540,1,1,PRVTE,0,NONE,1,PSNGR CAR,0,0.0,1,STRGHT,4,SE,8,NW,0,NONE,,,,,,,,,,,,,0,0,1,0,0,1,1
1877186,3532541,2,1,PRVTE,0,NONE,1,PSNGR CAR,0,0.0,1,STRGHT,8,NW,4,SE,0,NONE,,,,,,,,,,,,,0,0,3,0,0,3,0
1877585,3533199,1,1,PRVTE,0,NONE,1,PSNGR CAR,0,0.0,1,STRGHT,3,E,7,W,0,NONE,,,,,,,,,,,,,0,0,0,0,1,1,1
1877868,3533712,1,1,PRVTE,0,NONE,1,PSNGR CAR,0,0.0,2,TURN-R,4,SE,2,NE,88,OTHER,,,,,,,,,,,,,0,0,0,0,1,1,1
1877868,3533713,2,1,PRVTE,0,NONE,4,SEMI TOW,0,1.0,1,STRGHT,4,SE,8,NW,0,NONE,,,,,,,,,,,,,0,0,1,0,0,1,0
1878579,3535026,1,1,PRVTE,0,NONE,1,PSNGR CAR,0,0.0,1,STRGHT,8,NW,4,SE,0,NONE,,,,,,,,,,,,,0,0,3,0,0,3,1
1878579,3535027,2,1,PRVTE,0,NONE,1,PSNGR CAR,0,0.0,4,U-TURN,8,NW,8,NW,88,OTHER,,,,,,,,,,,,,0,0,0,0,1,1,0
1881027,3539537,1,1,PRVTE,0,NONE,1,PSNGR CAR,0,0.0,1,STRGHT,8,NW,4,SE,0,NONE,,,,,,,,,,,,,0,0,1,0,0,1,1
1881027,3539538,2,1,PRVTE,0,NONE,1,PSNGR CAR,0,0.0,1,STRGHT,2,NE,6,SW,15,GO A/STOP,,,,,,,,,,,,,0,0,1,0,0,1,0
1883736,3544447,1,1,PRVTE,0,NONE,1,PSNGR CAR,0,0.0,1,STRGHT,6,SW,2,NE,22,PREV COL,,,,,,,,,,,,,1,0,2,0,0,2,1
1883736,3544448,2,1,PRVTE,0,NONE,1,PSNGR CAR,0,0.0,6,STOP,6,SW,2,NE,22,PREV COL,,,,,,,,,,,,,0,0,1,0,0,1,0
1883736,3544449,3,1,PRVTE,0,NONE,1,PSNGR CAR,0,0.0,6,STOP,6,SW,2,NE,11,STOPPED,,,,,,,,,,,,,0,0,1,0,0,1,0
1883754,3544484,1,1,PRVTE,0,NONE,1,PSNGR CAR,0,0.0,1,STRGHT,3,E,7,W,22,PREV COL,,,,,,,,,,,,,0,0,4,0,0,4,1
1883754,3544485,2,1,PRVTE,0,NONE,1,PSNGR CAR,0,0.0,3,TURN-L,1,N,3,E,22,PREV COL,,,,,,,,,,,,,0,0,2,0,1,3,0
1883754,3544486,3,1,PRVTE,0,NONE,1,PSNGR CAR,0,0.0,1,STRGHT,7,W,3,E,0,NONE,,,,,,,,,,,,,0,0,2,0,0,2,0
1885091,3546982,1,1,PRVTE,0,NONE,1,PSNGR CAR,0,0.0,1,STRGHT,6,SW,2,NE,0,NONE,,,,,,,,,,,,,1,0,2,0,0,2,1
1885091,3546983,2,1,PRVTE,0,NONE,1,PSNGR CAR,0,0.0,1,STRGHT,6,SW,2,NE,6,SLOW DN,,,,,,,,,,,,,0,0,1,0,0,1,0
1885134,3547053,1,1,PRVTE,0,NONE,1,PSNGR CAR,0,0.0,1,STRGHT,8,NW,4,SE,0,NONE,,,,,,,,,,,,,0,0,1,0,0,1,1
1885134,3547054,2,1,PRVTE,0,NONE,1,PSNGR CAR,0,0.0,6,STOP,8,NW,4,SE,11,STOPPED,,,,,,,,,,,,,0,0,1,0,0,1,0
1886757,3550024,1,1,PRVTE,0,NONE,1,PSNGR CAR,0,0.0,1,STRGHT,6,SW,2,NE,0,NONE,,,,,,,,,,,,,0,0,2,0,0,2,1
1886757,3550025,2,1,PRVTE,0,NONE,1,PSNGR CAR,0,0.0,1,STRGHT,2,NE,6,SW,0,NONE,,,,,,,,,,,,,0,0,1,0,0,1,0
1886774,3550057,1,1,PRVTE,0,NONE,1,PSNGR CAR,0,0.0,1,STRGHT,2,NE,6,SW,0,NONE,,,,,,,,,,,,,0,0,1,0,0,1,1
1886774,3550058,2,1,PRVTE,0,NONE,1,PSNGR CAR,0,0.0,6,STOP,2,NE,6,SW,11,STOPPED,,,,,,,,,,,,,0,0,1,0,0,1,0
1886778,3550068,1,1,PRVTE,0,NONE,1,PSNGR CAR,0,0.0,1,STRGHT,6,SW,2,NE,0,NONE,,,,,,,,,,,,,0,0,1,0,0,1,1
1886778,3550069,2,1,PRVTE,0,NONE,1,PSNGR CAR,0,0.0,6,STOP,6,SW,2,NE,11,STOPPED,,,,,,,,,,,,,0,0,1,0,0,1,0
1890860,3557672,1,1,PRVTE,0,NONE,1,PSNGR CAR,0,0.0,1,STRGHT,6,SW,2,NE,0,NONE,,,,,,,,,,,,,1,0,1,0,0,1,1
1890870,3557689,1,1,PRVTE,0,NONE,1,PSNGR CAR,0,0.0,1,STRGHT,4,SE,8,NW,0,NONE,,,,,,,,,,,,,0,0,2,0,0,2,1
1890870,3557690,2,1,PRVTE,0,NONE,1,PSNGR CAR,0,0.0,6,STOP,4,SE,8,NW,11,STOPPED,,,,,,,,,,,,,0,0,3,0,0,3,0
1892479,3560710,1,1,PRVTE,0,NONE,1,PSNGR CAR,0,0.0,2,TURN-R,6,SW,4,SE,88,OTHER,,,,,,,,,,,,,0,0,0,0,1,1,1
1892479,3560711,2,1,PRVTE,0,NONE,1,PSNGR CAR,0,0.0,1,STRGHT,8,NW,4,SE,0,NONE,,,,,,,,,,,,,0,0,1,0,0,1,0
1892529,3560808,1,1,PRVTE,0,NONE,1,PSNGR CAR,0,0.0,1,STRGHT,0,UN,0,UN,0,NONE,,,,,,,,,,,,,0,0,1,0,0,1,1
1892533,3560815,1,1,PRVTE,0,NONE,1,PSNGR CAR,0,0.0,1,STRGHT,6,SW,2,NE,22,PREV COL,,,,,,,,,,,,,0,0,1,0,0,1,1
1892533,3560816,2,1,PRVTE,0,NONE,1,PSNGR CAR,0,0.0,6,STOP,6,SW,2,NE,22,PREV COL,,,,,,,,,,,,,0,0,2,0,0,2,0
1892533,3560817,3,1,PRVTE,0,NONE,1,PSNGR CAR,0,0.0,6,STOP,6,SW,2,NE,11,STOPPED,,,,,,,,,,,,,0,0,2,0,0,2,0
1893715,3562971,1,1,PRVTE,0,NONE,1,PSNGR CAR,0,,1,STRGHT,7,W,3,E,0,NONE,,,,,,,,,,,,,0,0,2,0,0,2,1
1893715,3562972,2,1,PRVTE,0,NONE,1,PSNGR CAR,0,,6,STOP,7,W,3,E,12,STP/L TRN,,,,,,,,,,,,,0,0,1,0,0,1,0
1893771,3563072,1,1,PRVTE,0,NONE,1,PSNGR CAR,0,,1,STRGHT,6,SW,2,NE,52,MERGING,,,,,,,,,,,,,0,0,2,0,0,2,1
1893771,3563073,2,1,PRVTE,0,NONE,1,PSNGR CAR,0,,6,STOP,6,SW,2,NE,11,STOPPED,,,,,,,,,,,,,0,0,1,0,0,1,0
1893985,3563439,1,1,PRVTE,0,NONE,1,PSNGR CAR,0,,1,STRGHT,7,W,3,E,1,SKIDDED,,,,,,,,,,,,,0,0,1,0,0,1,1
1893985,3563440,2,1,PRVTE,0,NONE,1,PSNGR CAR,0,,1,STRGHT,3,E,7,W,0,NONE,,,,,,,,,,,,,0,0,1,0,0,1,0
1894792,3564866,1,1,PRVTE,0,NONE,1,PSNGR CAR,0,0.0,1,STRGHT,1,N,5,S,0,NONE,,,,,,,,,,,,,0,0,0,0,1,1,1
1894792,3564867,2,1,PRVTE,0,NONE,1,PSNGR CAR,0,0.0,6,STOP,1,N,5,S,11,STOPPED,,,,,,,,,,,,,0,0,1,0,0,1,0
1895597,3566325,1,0,,0,NONE,1,PSNGR CAR,0,9.0,1,STRGHT,6,SW,2,NE,0,NONE,,,,,,,,,,,,,0,0,0,0,1,1,1
1895600,3566330,1,0,,0,NONE,1,PSNGR CAR,0,9.0,3,TURN-L,6,SW,8,NW,15,GO A/STOP,,,,,,,,,,,,,0,0,1,0,0,1,1
1895600,3566331,2,0,,0,NONE,1,PSNGR CAR,0,9.0,1,STRGHT,8,NW,4,SE,0,NONE,,,,,,,,,,,,,0,0,0,0,1,1,0
1895699,3566480,1,0,,0,NONE,1,PSNGR CAR,0,9.0,1,STRGHT,6,SW,2,NE,0,NONE,,,,,,,,,,,,,0,0,1,0,0,1,1
1895721,3566520,1,0,,0,NONE,4,SEMI TOW,0,9.0,2,TURN-R,6,SW,4,SE,0,NONE,,,,,,,,,,,,,0,0,1,0,0,1,1
1895745,3566564,1,0,,0,NONE,1,PSNGR CAR,0,9.0,1,STRGHT,4,SE,8,NW,0,NONE,,,,,,,,,,,,,0,0,1,0,0,1,1
1895745,3566565,2,0,,0,NONE,1,PSNGR CAR,0,9.0,6,STOP,4,SE,8,NW,11,STOPPED,,,,,,,,,,,,,0,0,0,0,1,1,0
1897515,3569605,1,0,,0,NONE,1,PSNGR CAR,0,9.0,1,STRGHT,4,SE,8,NW,0,NONE,,,,,,,,,,,,,0,0,1,0,0,1,1
1897515,3569606,2,0,,0,NONE,1,PSNGR CAR,0,9.0,6,STOP,4,SE,8,NW,11,STOPPED,,,,,,,,,,,,,0,0,3,0,0,3,0
1897688,3569903,1,0,,0,NONE,1,PSNGR CAR,0,9.0,1,STRGHT,0,UN,0,UN,0,NONE,,,,,,,,,,,,,0,0,0,0,1,1,1
1897688,3569904,2,0,,0,NONE,1,PSNGR CAR,0,9.0,6,STOP,0,UN,0,UN,11,STOPPED,,,,,,,,,,,,,0,0,0,0,1,1,0
1900288,3574373,1,0,,0,NONE,1,PSNGR CAR,0,9.0,1,STRGHT,6,SW,2,NE,0,NONE,,,,,,,,,,,,,0,0,0,0,1,1,1
1900288,3574374,2,0,,0,NONE,1,PSNGR CAR,0,9.0,1,STRGHT,6,SW,2,NE,0,NONE,,,,,,,,,,,,,0,0,0,0,1,1,0
1900335,3574460,1,0,,0,NONE,1,PSNGR CAR,0,9.0,9,PARKNG,8,NW,4,SE,8,PAR PARK,,,,,,,,,,,,,0,0,1,0,0,1,1
1900335,3574461,2,0,,0,NONE,1,PSNGR CAR,0,9.0,1,STRGHT,4,SE,8,NW,0,NONE,,,,,,,,,,,,,0,0,1,0,0,1,0
1900365,3574513,1,0,,0,NONE,5,TRUCK,0,9.0,1,STRGHT,6,SW,2,NE,18,EXIT DWY,,,,,,,,,,,,,0,0,1,0,0,1,1
1900365,3574514,2,0,,0,NONE,1,PSNGR CAR,0,9.0,1,STRGHT,8,NW,4,SE,0,NONE,,,,,,,,,,,,,0,0,1,0,0,1,0
1900411,3574594,1,0,,0,NONE,4,SEMI TOW,0,9.0,5,BACK,2,NE,6,SW,88,OTHER,,,,,,,,,,,,,0,0,0,0,1,1,1
1900411,3574595,2,0,,0,NONE,1,PSNGR CAR,0,9.0,6,STOP,6,SW,2,NE,11,STOPPED,,,,,,,,,,,,,0,0,1,0,0,1,0
1900909,3575472,1,0,,0,NONE,1,PSNGR CAR,0,9.0,1,STRGHT,6,SW,2,NE,0,NONE,,,,,,,,,,,,,0,0,1,0,0,1,1
1900941,3575528,1,0,,0,NONE,1,PSNGR CAR,0,9.0,1,STRGHT,2,NE,6,SW,22,PREV COL,,,,,,,,,,,,,0,0,1,0,0,1,1
1900941,3575529,2,0,,0,NONE,1,PSNGR CAR,0,9.0,6,STOP,2,NE,6,SW,22,PREV COL,,,,,,,,,,,,,0,0,1,0,0,1,0
1900954,3575551,1,0,,0,NONE,1,PSNGR CAR,0,9.0,2,TURN-R,8,NW,6,SW,88,OTHER,,,,,,,,,,,,,0,0,1,0,0,1,1
1900954,3575552,2,0,,0,NONE,1,PSNGR CAR,0,9.0,6,STOP,6,SW,2,NE,11,STOPPED,,,,,,,,,,,,,0,0,3,0,0,3,0
1901052,3575715,1,0,,0,NONE,1,PSNGR CAR,0,9.0,5,BACK,3,E,1,N,9,ANG PARK,,,,,,,,,,,,,0,0,0,0,1,1,1
1901052,3575716,2,0,,0,NONE,1,PSNGR CAR,0,9.0,1,STRGHT,1,N,5,S,0,NONE,,,,,,,,,,,,,0,0,3,0,0,3,0
1901073,3575752,1,0,,0,NONE,1,PSNGR CAR,0,9.0,5,BACK,6,SW,2,NE,23,STALLED,,,,,,,,,,,,,0,0,2,0,0,2,1
1901161,3575897,1,0,,0,NONE,1,PSNGR CAR,0,9.0,5,BACK,6,SW,2,NE,18,EXIT DWY,,,,,,,,,,,,,0,0,0,0,1,1,1
1901161,3575898,2,0,,0,NONE,1,PSNGR CAR,0,9.0,1,STRGHT,4,SE,8,NW,0,NONE,,,,,,,,,,,,,0,0,1,0,0,1,0
1901171,3575912,1,0,,0,NONE,1,PSNGR CAR,0,9.0,1,STRGHT,8,NW,4,SE,88,OTHER,,,,,,,,,,,,,0,0,1,0,0,1,1
1901171,3575913,2,0,,0,NONE,1,PSNGR CAR,0,9.0,1,STRGHT,4,SE,8,NW,0,NONE,,,,,,,,,,,,,0,0,1,0,0,1,0
1901184,3575934,1,0,,0,NONE,1,PSNGR CAR,0,9.0,1,STRGHT,4,SE,8,NW,0,NONE,,,,,,,,,,,,,0,0,2,0,0,2,1
1901184,3575935,2,0,,0,NONE,1,PSNGR CAR,0,9.0,1,STRGHT,4,SE,8,NW,6,SLOW DN,,,,,,,,,,,,,0,0,1,0,0,1,0
1901213,3575983,1,0,,0,NONE,4,SEMI TOW,0,9.0,1,STRGHT,8,NW,4,SE,0,NONE,,,,,,,,,,,,,0,0,1,0,0,1,1
1901213,3575984,2,0,,0,NONE,1,PSNGR CAR,0,9.0,3,TURN-L,4,SE,6,SW,0,NONE,,,,,,,,,,,,,0,0,1,0,0,1,0
1901410,3576322,1,0,,0,NONE,5,TRUCK,0,9.0,5,BACK,7,W,3,E,88,OTHER,,,,,,,,,,,,,0,0,2,0,0,2,1
1901410,3576323,2,0,,0,NONE,1,PSNGR CAR,0,9.0,6,STOP,3,E,7,W,11,STOPPED,,,,,,,,,,,,,0,0,1,0,0,1,0
1901456,3576400,1,0,,0,NONE,1,PSNGR CAR,0,9.0,9,PARKNG,8,NW,4,SE,8,PAR PARK,,,,,,,,,,,,,0,0,1,0,0,1,1
1901456,3576401,2,0,,0,NONE,1,PSNGR CAR,0,9.0,1,STRGHT,8,NW,4,SE,0,NONE,,,,,,,,,,,,,0,0,0,0,1,1,0
1903845,3580451,1,0,,0,NONE,1,PSNGR CAR,0,9.0,1,STRGHT,8,NW,4,SE,88,OTHER,,,,,,,,,,,,,0,0,1,0,0,1,1
1908023,3587493,1,0,,0,NONE,1,PSNGR CAR,0,9.0,1,STRGHT,3,E,7,W,0,NONE,,,,,,,,,,,,,0,0,0,0,1,1,1
1908023,3587494,2,0,,0,NONE,1,PSNGR CAR,0,9.0,6,STOP,3,E,7,W,11,STOPPED,,,,,,,,,,,,,0,0,1,0,0,1,0
1908035,3587511,1,0,,0,NONE,1,PSNGR CAR,0,9.0,1,STRGHT,4,SE,8,NW,7,AVOIDING,,,,,,,,,,,,,0,0,1,0,0,1,1
1908106,3587638,1,0,,0,NONE,1,PSNGR CAR,0,9.0,1,STRGHT,6,SW,2,NE,0,NONE,,,,,,,,,,,,,0,0,1,0,0,1,1
1908723,3588732,1,0,,0,NONE,1,PSNGR CAR,0,9.0,1,STRGHT,7,W,3,E,0,NONE,,,,,,,,,,,,,0,0,0,0,1,1,1
1908723,3588733,2,0,,0,NONE,4,SEMI TOW,0,9.0,6,STOP,7,W,3,E,11,STOPPED,,,,,,,,,,,,,0,0,1,0,0,1,0
1908902,3589046,1,0,,0,NONE,1,PSNGR CAR,0,9.0,3,TURN-L,6,SW,8,NW,0,NONE,,,,,,,,,,,,,0,0,1,0,0,1,1
1908902,3589047,2,0,,0,NONE,1,PSNGR CAR,0,9.0,1,STRGHT,4,SE,8,NW,0,NONE,,,,,,,,,,,,,0,0,1,0,0,1,0
1915175,3599523,1,1,PRVTE,0,NONE,4,SEMI TOW,0,1.0,1,STRGHT,2,NE,6,SW,0,NONE,,,,,,,,,,,,,0,0,1,0,0,1,1
1915211,3599585,1,1,PRVTE,0,NONE,1,PSNGR CAR,0,0.0,1,STRGHT,2,NE,6,SW,0,NONE,,,,,,,,,,,,,0,0,1,0,0,1,1
1915211,3599586,2,1,PRVTE,0,NONE,1,PSNGR CAR,0,0.0,1,STRGHT,8,NW,4,SE,0,NONE,,,,,,,,,,,,,0,0,1,0,0,1,0
1915269,3599686,1,1,PRVTE,0,NONE,1,PSNGR CAR,0,0.0,1,STRGHT,6,SW,2,NE,0,NONE,,,,,,,,,,,,,0,0,1,0,0,1,1
1915311,3599757,1,1,PRVTE,0,NONE,1,PSNGR CAR,0,0.0,1,STRGHT,2,NE,6,SW,0,NONE,,,,,,,,,,,,,0,0,0,0,1,1,1
1915311,3599758,2,1,PRVTE,0,NONE,1,PSNGR CAR,0,0.0,6,STOP,2,NE,6,SW,11,STOPPED,,,,,,,,,,,,,0,0,1,0,0,1,0
1915400,3599919,1,1,PRVTE,0,NONE,1,PSNGR CAR,0,0.0,1,STRGHT,8,NW,4,SE,0,NONE,,,,,,,,,,,,,0,0,1,0,0,1,1
1915400,3599920,2,1,PRVTE,0,NONE,1,PSNGR CAR,0,0.0,1,STRGHT,4,SE,8,NW,0,NONE,,,,,,,,,,,,,0,0,1,0,0,1,0
1915461,3600032,1,1,PRVTE,0,NONE,1,PSNGR CAR,0,0.0,1,STRGHT,4,SE,8,NW,0,NONE,,,,,,,,,,,,,0,0,1,0,0,1,1
1915461,3600033,2,1,PRVTE,0,NONE,1,PSNGR CAR,0,0.0,6,STOP,4,SE,8,NW,11,STOPPED,,,,,,,,,,,,,0,0,1,0,0,1,0
1915521,3600150,1,1,PRVTE,0,NONE,9,MTRCYCLE,0,0.0,1,STRGHT,3,E,7,W,0,NONE,,,,,,,,,,,,,0,0,1,0,0,1,1
1922635,3613364,1,1,PRVTE,0,NONE,9,MTRCYCLE,0,0.0,2,TURN-R,2,NE,8,NW,0,NONE,,,,,,,,,,,,,0,0,0,0,1,1,1
1922635,3613365,2,1,PRVTE,0,NONE,1,PSNGR CAR,0,0.0,1,STRGHT,4,SE,8,NW,0,NONE,,,,,,,,,,,,,0,0,1,0,0,1,0
1922641,3613376,1,1,PRVTE,0,NONE,1,PSNGR CAR,0,0.0,3,TURN-L,1,N,4,SE,15,GO A/STOP,,,,,,,,,,,,,0,0,4,0,0,4,1
1922641,3613377,2,1,PRVTE,0,NONE,1,PSNGR CAR,0,0.0,1,STRGHT,4,SE,8,NW,0,NONE,,,,,,,,,,,,,0,0,0,0,1,1,0
1922685,3613457,1,1,PRVTE,0,NONE,1,PSNGR CAR,0,0.0,2,TURN-R,4,SE,2,NE,0,NONE,,,,,,,,,,,,,0,0,1,0,0,1,1
1922685,3613458,2,1,PRVTE,0,NONE,6,MOPED,0,0.0,1,STRGHT,4,SE,8,NW,0,NONE,,,,,,,,,,,,,0,0,1,0,0,1,0
1922701,3613485,1,1,PRVTE,0,NONE,1,PSNGR CAR,0,0.0,1,STRGHT,6,SW,2,NE,22,PREV COL,,,,,,,,,,,,,0,0,1,0,0,1,1
1922701,3613486,2,1,PRVTE,0,NONE,1,PSNGR CAR,0,0.0,6,STOP,6,SW,2,NE,22,PREV COL,,,,,,,,,,,,,0,0,1,0,0,1,0
1922701,3613487,3,1,PRVTE,0,NONE,1,PSNGR CAR,0,0.0,6,STOP,6,SW,2,NE,11,STOPPED,,,,,,,,,,,,,0,0,0,0,1,1,0
1922724,3613522,1,1,PRVTE,0,NONE,1,PSNGR CAR,0,0.0,1,STRGHT,6,SW,2,NE,0,NONE,,,,,,,,,,,,,0,0,1,0,0,1,1
1922724,3613523,2,1,PRVTE,0,NONE,1,PSNGR CAR,0,0.0,6,STOP,6,SW,2,NE,11,STOPPED,,,,,,,,,,,,,0,0,1,0,0,1,0
1922759,3613589,1,1,PRVTE,0,NONE,1,PSNGR CAR,0,0.0,1,STRGHT,4,SE,8,NW,0,NONE,,,,,,,,,,,,,0,0,0,0,1,1,1
1922759,3613590,2,1,PRVTE,0,NONE,1,PSNGR CAR,0,0.0,6,STOP,4,SE,8,NW,11,STOPPED,,,,,,,,,,,,,0,0,2,0,0,2,0
1922906,3613849,1,4,RENTL,0,NONE,1,PSNGR CAR,0,0.0,1,STRGHT,4,SE,8,NW,0,NONE,,,,,,,,,,,,,0,0,2,0,2,4,1
1922906,3613850,2,1,PRVTE,0,NONE,9,MTRCYCLE,0,0.0,1,STRGHT,6,SW,2,NE,0,NONE,,,,,,,,,,,,,0,1,0,0,1,1,0
1922930,3613899,1,1,PRVTE,0,NONE,1,PSNGR CAR,0,0.0,1,STRGHT,8,NW,4,SE,0,NONE,,,,,,,,,,,,,0,0,1,0,1,2,1
1922930,3613900,2,1,PRVTE,0,NONE,1,PSNGR CAR,0,0.0,1,STRGHT,2,NE,6,SW,15,GO A/STOP,,,,,,,,,,,,,0,0,1,0,0,1,0
1923017,3614065,1,1,PRVTE,0,NONE,1,PSNGR CAR,0,0.0,1,STRGHT,6,SW,2,NE,0,NONE,,,,,,,,,,,,,0,0,1,0,0,1,1
1923017,3614066,2,1,PRVTE,0,NONE,1,PSNGR CAR,0,0.0,6,STOP,6,SW,2,NE,11,STOPPED,,,,,,,,,,,,,0,0,2,0,0,2,0
1929677,3626356,1,1,PRVTE,0,NONE,1,PSNGR CAR,0,0.0,1,STRGHT,8,NW,4,SE,0,NONE,,,,,,,,,,,,,0,0,1,0,0,1,1
1930153,3627242,1,1,PRVTE,0,NONE,1,PSNGR CAR,0,0.0,1,STRGHT,4,SE,8,NW,0,NONE,,,,,,,,,,,,,0,0,1,0,0,1,1
1930153,3627243,2,1,PRVTE,0,NONE,1,PSNGR CAR,0,0.0,6,STOP,4,SE,8,NW,11,STOPPED,,,,,,,,,,,,,0,0,2,0,0,2,0
1930172,3627280,1,1,PRVTE,0,NONE,1,PSNGR CAR,0,0.0,1,STRGHT,6,SW,2,NE,0,NONE,,,,,,,,,,,,,0,0,1,0,0,1,1
1930239,3627413,1,1,PRVTE,0,NONE,1,PSNGR CAR,0,0.0,1,STRGHT,0,UN,0,UN,0,NONE,,,,,,,,,,,,,0,0,1,0,0,1,1
1942068,3649112,1,0,,0,NONE,1,PSNGR CAR,0,9.0,1,STRGHT,2,NE,6,SW,22,PREV COL,,,,,,,,,,,,,0,0,0,0,1,1,1
1942068,3649113,2,0,,0,NONE,1,PSNGR CAR,0,9.0,1,STRGHT,2,NE,6,SW,22,PREV COL,,,,,,,,,,,,,0,0,1,0,0,1,0
1942102,3649169,1,0,,0,NONE,1,PSNGR CAR,0,9.0,3,TURN-L,6,SW,8,NW,0,NONE,,,,,,,,,,,,,0,0,1,0,0,1,1
1942102,3649170,2,0,,0,NONE,1,PSNGR CAR,0,9.0,6,STOP,8,NW,4,SE,11,STOPPED,,,,,,,,,,,,,0,0,1,0,0,1,0
1942247,3649414,1,0,,0,NONE,1,PSNGR CAR,0,9.0,1,STRGHT,3,E,7,W,0,NONE,,,,,,,,,,,,,0,0,1,0,0,1,1
1942281,3649470,1,0,,0,NONE,1,PSNGR CAR,0,9.0,1,STRGHT,2,NE,6,SW,88,OTHER,,,,,,,,,,,,,0,0,0,0,1,1,1
1942281,3649471,2,0,,0,NONE,1,PSNGR CAR,0,9.0,1,STRGHT,2,NE,6,SW,0,NONE,,,,,,,,,,,,,0,0,1,0,0,1,0
1942778,3650302,1,0,,0,NONE,1,PSNGR CAR,0,9.0,1,STRGHT,4,SE,8,NW,0,NONE,,,,,,,,,,,,,0,0,1,0,1,2,1
1942778,3650303,2,0,,0,NONE,1,PSNGR CAR,0,9.0,2,TURN-R,4,SE,1,N,6,SLOW DN,,,,,,,,,,,,,0,0,1,0,0,1,0
1942872,3650451,1,0,,0,NONE,1,PSNGR CAR,0,9.0,1,STRGHT,4,SE,8,NW,0,NONE,,,,,,,,,,,,,0,0,0,0,1,1,1
1942872,3650452,2,0,,0,NONE,1,PSNGR CAR,0,9.0,2,TURN-R,4,SE,1,N,0,NONE,,,,,,,,,,,,,0,0,1,0,0,1,0
1942958,3650575,1,0,,0,NONE,1,PSNGR CAR,0,9.0,1,STRGHT,6,SW,2,NE,0,NONE,,,,,,,,,,,,,0,0,1,0,0,1,1
1943150,3650871,1,0,,0,NONE,1,PSNGR CAR,0,9.0,1,STRGHT,1,N,5,S,0,NONE,,,,,,,,,,,,,0,0,1,0,0,1,1
1943184,3650924,1,0,,0,NONE,1,PSNGR CAR,0,9.0,1,STRGHT,5,S,1,N,0,NONE,,,,,,,,,,,,,0,0,3,0,0,3,1
1943184,3650925,2,0,,0,NONE,1,PSNGR CAR,0,9.0,2,TURN-R,4,SE,1,N,0,NONE,,,,,,,,,,,,,0,0,1,0,0,1,0
1943217,3650983,1,0,,0,NONE,1,PSNGR CAR,0,9.0,1,STRGHT,6,SW,2,NE,0,NONE,,,,,,,,,,,,,0,0,0,0,1,1,1
1943217,3650984,2,0,,0,NONE,1,PSNGR CAR,0,9.0,7,PRKD-P,6,SW,2,NE,8,PAR PARK,,,,,,,,,,,,,0,0,0,0,0,0,0
1943376,3651242,1,0,,0,NONE,1,PSNGR CAR,0,9.0,1,STRGHT,4,SE,8,NW,88,OTHER,,,,,,,,,,,,,0,0,1,0,0,1,1
1943376,3651243,2,0,,0,NONE,1,PSNGR CAR,0,9.0,7,PRKD-P,4,SE,8,NW,8,PAR PARK,,,,,,,,,,,,,0,0,0,0,0,0,0
1943400,3651279,1,0,,0,NONE,1,PSNGR CAR,0,9.0,1,STRGHT,7,W,3,E,0,NONE,,,,,,,,,,,,,0,0,1,0,0,1,1
1943400,3651280,2,0,,0,NONE,1,PSNGR CAR,0,9.0,7,PRKD-P,7,W,3,E,8,PAR PARK,,,,,,,,,,,,,0,0,0,0,0,0,0
1943437,3651340,1,1,PRVTE,0,NONE,1,PSNGR CAR,0,0.0,1,STRGHT,4,SE,8,NW,0,NONE,,,,,,,,,,,,,0,0,1,0,0,1,1
1943437,3651341,2,1,PRVTE,0,NONE,1,PSNGR CAR,0,0.0,1,STRGHT,8,NW,4,SE,0,NONE,,,,,,,,,,,,,0,0,3,0,0,3,0
1943557,3651539,1,0,,0,NONE,1,PSNGR CAR,0,9.0,1,STRGHT,3,E,7,W,22,PREV COL,,,,,,,,,,,,,0,0,1,0,0,1,1
1943557,3651540,2,0,,0,NONE,1,PSNGR CAR,0,9.0,7,PRKD-P,3,E,7,W,32,PRKOFFRD,,,,,,,,,,,,,0,0,0,0,0,0,0
1943561,3651545,1,0,,0,NONE,1,PSNGR CAR,0,9.0,2,TURN-R,8,NW,6,SW,0,NONE,,,,,,,,,,,,,0,0,1,0,0,1,1
1943561,3651546,2,0,,0,NONE,1,PSNGR CAR,0,9.0,1,STRGHT,8,NW,4,SE,31,PASSING,,,,,,,,,,,,,0,0,1,0,0,1,0
1954357,3670250,1,0,,0,NONE,1,PSNGR CAR,0,9.0,4,U-TURN,7,W,7,W,88,OTHER,,,,,,,,,,,,,0,0,0,0,1,1,1
1954357,3670251,2,0,,0,NONE,1,PSNGR CAR,0,9.0,1,STRGHT,7,W,3,E,0,NONE,,,,,,,,,,,,,0,0,0,0,1,1,0
1954471,3670421,1,0,,0,NONE,1,PSNGR CAR,0,9.0,1,STRGHT,4,SE,8,NW,0,NONE,,,,,,,,,,,,,0,0,0,0,1,1,1
1954471,3670422,2,0,,0,NONE,1,PSNGR CAR,0,9.0,2,TURN-R,4,SE,2,NE,6,SLOW DN,,,,,,,,,,,,,0,0,1,0,0,1,0
1954473,3670425,1,0,,0,NONE,1,PSNGR CAR,0,9.0,1,STRGHT,4,SE,8,NW,22,PREV COL,,,,,,,,,,,,,0,0,1,0,0,1,1
1954473,3670426,2,0,,0,NONE,1,PSNGR CAR,0,9.0,6,STOP,4,SE,8,NW,11,STOPPED,,,,,,,,,,,,,0,0,1,0,0,1,0
1954509,3670489,1,0,,0,NONE,1,PSNGR CAR,0,9.0,1,STRGHT,6,SW,2,NE,0,NONE,,,,,,,,,,,,,0,0,1,0,0,1,1
1954578,3670609,1,0,,0,NONE,1,PSNGR CAR,0,9.0,1,STRGHT,8,NW,4,SE,0,NONE,,,,,,,,,,,,,0,0,0,0,1,1,1
1954578,3670610,2,0,,0,NONE,1,PSNGR CAR,0,9.0,1,STRGHT,6,SW,2,NE,0,NONE,,,,,,,,,,,,,0,0,2,0,0,2,0
1954582,3670614,1,0,,0,NONE,1,PSNGR CAR,0,9.0,1,STRGHT,8,NW,4,SE,7,AVOIDING,,,,,,,,,,,,,0,0,4,0,0,4,1
1954582,3670615,2,0,,0,NONE,1,PSNGR CAR,0,9.0,6,STOP,8,NW,4,SE,11,STOPPED,,,,,,,,,,,,,0,0,2,0,0,2,0
1954587,3670623,1,0,,0,NONE,1,PSNGR CAR,0,9.0,1,STRGHT,4,SE,8,NW,0,NONE,,,,,,,,,,,,,0,0,1,0,0,1,1
1954587,3670624,2,0,,0,NONE,1,PSNGR CAR,0,9.0,6,STOP,4,SE,8,NW,11,STOPPED,,,,,,,,,,,,,0,0,0,0,1,1,0
1954707,3670819,1,0,,0,NONE,1,PSNGR CAR,0,9.0,1,STRGHT,8,NW,4,SE,0,NONE,,,,,,,,,,,,,0,0,2,0,0,2,1
1954707,3670820,2,0,,0,NONE,1,PSNGR CAR,0,9.0,3,TURN-L,6,SW,8,NW,0,NONE,,,,,,,,,,,,,0,0,1,0,0,1,0
1954720,3670842,1,0,,0,NONE,4,SEMI TOW,0,9.0,1,STRGHT,4,SE,8,NW,0,NONE,,,,,,,,,,,,,0,0,1,0,0,1,1
1954720,3670843,2,0,,0,NONE,1,PSNGR CAR,0,9.0,3,TURN-L,6,SW,8,NW,15,GO A/STOP,,,,,,,,,,,,,0,0,1,0,0,1,0
1954830,3671020,1,0,,0,NONE,1,PSNGR CAR,0,9.0,1,STRGHT,6,SW,2,NE,0,NONE,,,,,,,,,,,,,0,0,1,0,0,1,1
1954895,3671126,1,0,,0,NONE,1,PSNGR CAR,0,9.0,1,STRGHT,7,W,3,E,0,NONE,,,,,,,,,,,,,0,0,1,0,0,1,1
1954895,3671127,2,0,,0,NONE,1,PSNGR CAR,0,9.0,1,STRGHT,7,W,3,E,6,SLOW DN,,,,,,,,,,,,,0,0,1,0,0,1,0
1955225,3671685,1,0,,0,NONE,1,PSNGR CAR,0,9.0,3,TURN-L,6,SW,8,NW,15,GO A/STOP,,,,,,,,,,,,,0,0,0,0,1,1,1
1955225,3671686,2,0,,0,NONE,1,PSNGR CAR,0,9.0,1,STRGHT,4,SE,8,NW,0,NONE,,,,,,,,,,,,,0,0,0,0,1,1,0
1955339,3671868,1,0,,0,NONE,1,PSNGR CAR,0,9.0,1,STRGHT,6,SW,2,NE,0,NONE,,,,,,,,,,,,,0,0,1,0,0,1,1
1955429,3672022,1,0,,0,NONE,1,PSNGR CAR,0,9.0,1,STRGHT,6,SW,2,NE,88,OTHER,,,,,,,,,,,,,0,0,0,1,0,1,1
1955463,3672076,1,0,,0,NONE,1,PSNGR CAR,0,9.0,1,STRGHT,8,NW,4,SE,0,NONE,,,,,,,,,,,,,0,0,1,0,0,1,1
1955463,3672077,2,0,,0,NONE,1,PSNGR CAR,0,9.0,6,STOP,8,NW,4,SE,11,STOPPED,,,,,,,,,,,,,0,0,1,0,0,1,0
1955509,3672153,1,0,,0,NONE,1,PSNGR CAR,0,9.0,1,STRGHT,4,SE,8,NW,0,NONE,,,,,,,,,,,,,0,0,0,0,1,1,1
1955509,3672154,2,0,,0,NONE,1,PSNGR CAR,0,9.0,6,STOP,4,SE,8,NW,11,STOPPED,,,,,,,,,,,,,0,0,1,0,0,1,0
1955514,3672162,1,0,,0,NONE,1,PSNGR CAR,0,9.0,1,STRGHT,4,SE,8,NW,15,GO A/STOP,,,,,,,,,,,,,0,0,0,0,1,1,1
1955514,3672163,2,0,,0,NONE,1,PSNGR CAR,0,9.0,1,STRGHT,2,NE,6,SW,0,NONE,,,,,,,,,,,,,0,0,1,0,0,1,0
1955535,3672195,1,0,,0,NONE,1,PSNGR CAR,0,9.0,1,STRGHT,0,UN,0,UN,88,OTHER,,,,,,,,,,,,,0,0,0,0,1,1,1
1955535,3672196,2,0,,0,NONE,1,PSNGR CAR,0,9.0,1,STRGHT,0,UN,0,UN,88,OTHER,,,,,,,,,,,,,0,0,1,0,0,1,0
1955683,3672443,1,0,,0,NONE,1,PSNGR CAR,0,9.0,1,STRGHT,7,W,3,E,88,OTHER,,,,,,,,,,,,,0,0,1,0,0,1,1
1955683,3672444,2,0,,0,NONE,1,PSNGR CAR,0,9.0,6,STOP,6,SW,2,NE,12,STP/L TRN,,,,,,,,,,,,,0,0,1,0,0,1,0
1955684,3672445,1,0,,0,NONE,1,PSNGR CAR,0,9.0,1,STRGHT,7,W,3,E,88,OTHER,,,,,,,,,,,,,0,0,1,0,0,1,1
1955684,3672446,2,0,,0,NONE,1,PSNGR CAR,0,9.0,6,STOP,5,S,1,N,11,STOPPED,,,,,,,,,,,,,0,0,1,0,0,1,0
1960197,3680018,1,0,,0,NONE,1,PSNGR CAR,0,9.0,1,STRGHT,2,NE,6,SW,15,GO A/STOP,,,,,,,,,,,,,0,0,0,0,1,1,1
1960197,3680019,2,0,,0,NONE,1,PSNGR CAR,0,9.0,1,STRGHT,4,SE,8,NW,0,NONE,,,,,,,,,,,,,0,0,1,0,0,1,0
1961905,3683091,1,1,PRVTE,0,NONE,1,PSNGR CAR,0,0.0,3,TURN-L,7,W,1,N,88,OTHER,,,,,,,,,,,,,0,0,1,0,1,2,1
1961905,3683092,2,1,PRVTE,0,NONE,1,PSNGR CAR,0,0.0,1,STRGHT,7,W,3,E,6,SLOW DN,,,,,,,,,,,,,0,0,2,0,0,2,0
1962017,3683298,1,1,PRVTE,0,NONE,1,PSNGR CAR,0,0.0,1,STRGHT,6,SW,2,NE,0,NONE,,,,,,,,,,,,,0,0,0,0,1,1,1
1962020,3683302,1,1,PRVTE,0,NONE,1,PSNGR CAR,0,0.0,1,STRGHT,4,SE,8,NW,0,NONE,,,,,,,,,,,,,0,0,1,0,0,1,1
1962020,3683303,2,1,PRVTE,0,NONE,1,PSNGR CAR,0,0.0,1,STRGHT,4,SE,8,NW,6,SLOW DN,,,,,,,,,,,,,0,0,0,0,2,2,0
1962067,3683394,1,1,PRVTE,0,NONE,9,MTRCYCLE,0,0.0,2,TURN-R,4,SE,2,NE,0,NONE,,,,,,,,,,,,,0,0,1,0,0,1,1
1962077,3683413,1,1,PRVTE,0,NONE,1,PSNGR CAR,0,0.0,1,STRGHT,6,SW,2,NE,0,NONE,,,,,,,,,,,,,0,0,0,0,1,1,1
1962077,3683414,2,1,PRVTE,0,NONE,1,PSNGR CAR,0,0.0,1,STRGHT,6,SW,2,NE,6,SLOW DN,,,,,,,,,,,,,0,0,1,0,0,1,0
1962161,3683572,1,1,PRVTE,0,NONE,1,PSNGR CAR,0,0.0,1,STRGHT,1,N,5,S,0,NONE,,,,,,,,,,,,,0,1,0,0,1,1,1
1962161,3683573,2,1,PRVTE,0,NONE,1,PSNGR CAR,0,0.0,6,STOP,1,N,5,S,11,STOPPED,,,,,,,,,,,,,0,0,1,0,0,1,0
1962162,3683574,1,1,PRVTE,0,NONE,1,PSNGR CAR,0,0.0,1,STRGHT,4,SE,8,NW,0,NONE,,,,,,,,,,,,,0,0,3,0,0,3,1
1962162,3683575,2,1,PRVTE,0,NONE,1,PSNGR CAR,0,0.0,3,TURN-L,8,NW,2,NE,0,NONE,,,,,,,,,,,,,0,0,1,0,0,1,0
1966932,3692514,1,1,PRVTE,0,NONE,1,PSNGR CAR,0,0.0,1,STRGHT,1,N,5,S,0,NONE,,,,,,,,,,,,,0,0,1,0,0,1,1
1966941,3692529,1,1,PRVTE,0,NONE,1,PSNGR CAR,0,0.0,1,STRGHT,8,NW,4,SE,0,NONE,,,,,,,,,,,,,0,1,0,0,1,1,1
1966941,3692530,2,1,PRVTE,0,NONE,1,PSNGR CAR,0,0.0,6,STOP,8,NW,4,SE,12,STP/L TRN,,,,,,,,,,,,,0,0,1,0,0,1,0
1972749,3703320,1,1,PRVTE,0,NONE,1,PSNGR CAR,0,0.0,1,STRGHT,8,NW,4,SE,0,NONE,,,,,,,,,,,,,0,0,1,0,0,1,1
1972749,3703321,2,1,PRVTE,0,NONE,1,PSNGR CAR,0,0.0,3,TURN-L,8,NW,2,NE,6,SLOW DN,,,,,,,,,,,,,0,0,4,0,0,4,0
1972755,3703330,1,1,PRVTE,0,NONE,1,PSNGR CAR,0,0.0,1,STRGHT,8,NW,4,SE,0,NONE,,,,,,,,,,,,,0,0,4,0,0,4,1
1972768,3703352,1,1,PRVTE,0,NONE,1,PSNGR CAR,0,0.0,2,TURN-R,8,NW,6,SW,0,NONE,,,,,,,,,,,,,0,0,1,0,0,1,1
1972780,3703374,1,1,PRVTE,0,NONE,9,MTRCYCLE,0,0.0,1,STRGHT,4,SE,8,NW,0,NONE,,,,,,,,,,,,,0,0,1,0,0,1,1
1972875,3703552,1,1,PRVTE,0,NONE,1,PSNGR CAR,0,0.0,1,STRGHT,5,S,1,N,0,NONE,,,,,,,,,,,,,0,0,0,0,1,1,1
1972952,3703693,1,1,PRVTE,0,NONE,1,PSNGR CAR,0,0.0,1,STRGHT,1,N,5,S,0,NONE,,,,,,,,,,,,,0,0,1,0,0,1,1
1973820,3705281,1,1,PRVTE,0,NONE,1,PSNGR CAR,0,0.0,3,TURN-L,4,SE,6,SW,19,ENTR DWY,,,,,,,,,,,,,0,0,1,0,0,1,1
1973820,3705282,2,1,PRVTE,0,NONE,1,PSNGR CAR,0,0.0,1,STRGHT,8,NW,4,SE,0,NONE,,,,,,,,,,,,,0,0,1,0,0,1,0
1973880,3705389,1,1,PRVTE,0,NONE,1,PSNGR CAR,0,0.0,3,TURN-L,6,SW,8,NW,19,ENTR DWY,,,,,,,,,,,,,0,0,1,0,0,1,1
1973880,3705390,2,1,PRVTE,0,NONE,9,MTRCYCLE,0,0.0,1,STRGHT,2,NE,6,SW,0,NONE,,,,,,,,,,,,,0,0,1,0,0,1,0
1977874,3712872,1,1,PRVTE,0,NONE,1,PSNGR CAR,0,0.0,1,STRGHT,6,SW,2,NE,0,NONE,,,,,,,,,,,,,0,0,0,0,1,1,1
1977874,3712873,2,1,PRVTE,0,NONE,1,PSNGR CAR,0,0.0,1,STRGHT,8,NW,4,SE,0,NONE,,,,,,,,,,,,,0,0,0,0,1,1,0
1978209,3713460,1,1,PRVTE,0,NONE,1,PSNGR CAR,0,0.0,3,TURN-L,1,N,3,E,15,GO A/STOP,,,,,,,,,,,,,0,0,2,0,0,2,1
1978209,3713461,2,1,PRVTE,0,NONE,1,PSNGR CAR,0,0.0,1,STRGHT,3,E,7,W,0,NONE,,,,,,,,,,,,,0,0,1,0,0,1,0
1978219,3713474,1,1,PRVTE,0,NONE,1,PSNGR CAR,0,0.0,1,STRGHT,6,SW,2,NE,0,NONE,,,,,,,,,,,,,0,0,1,0,0,1,1
1978219,3713475,2,1,PRVTE,0,NONE,1,PSNGR CAR,0,0.0,6,STOP,6,SW,2,NE,11,STOPPED,,,,,,,,,,,,,0,0,3,0,0,3,0
1978254,3713536,1,1,PRVTE,0,NONE,1,PSNGR CAR,0,0.0,1,STRGHT,4,SE,8,NW,0,NONE,,,,,,,,,,,,,1,0,1,0,0,1,1
1978254,3713537,2,1,PRVTE,0,NONE,1,PSNGR CAR,0,0.0,1,STRGHT,5,S,1,N,15,GO A/STOP,,,,,,,,,,,,,0,0,1,0,0,1,0
1981645,3719453,1,0,,0,NONE,1,PSNGR CAR,0,9.0,1,STRGHT,1,N,5,S,88,OTHER,,,,,,,,,,,,,0,0,1,0,0,1,1
1981716,3719580,1,0,,0,NONE,1,PSNGR CAR,0,9.0,9,PARKNG,2,NE,6,SW,9,ANG PARK,,,,,,,,,,,,,0,0,1,0,0,1,1
1981716,3719581,2,0,,0,NONE,1,PSNGR CAR,0,9.0,1,STRGHT,4,SE,8,NW,0,NONE,,,,,,,,,,,,,0,0,1,0,0,1,0
1981760,3719655,1,0,,0,NONE,1,PSNGR CAR,0,9.0,1,STRGHT,6,SW,2,NE,0,NONE,,,,,,,,,,,,,0,0,0,0,1,1,1
1981760,3719656,2,0,,0,NONE,1,PSNGR CAR,0,9.0,1,STRGHT,4,SE,8,NW,0,NONE,,,,,,,,,,,,,0,0,1,0,0,1,0
1983228,3722324,1,0,,0,NONE,1,PSNGR CAR,0,9.0,1,STRGHT,4,SE,8,NW,0,NONE,,,,,,,,,,,,,0,0,1,0,0,1,1
1983228,3722325,2,0,,0,NONE,1,PSNGR CAR,0,9.0,3,TURN-L,2,NE,4,SE,18,EXIT DWY,,,,,,,,,,,,,0,0,2,0,0,2,0
1983429,3722691,1,0,,0,NONE,1,PSNGR CAR,0,9.0,1,STRGHT,2,NE,6,SW,0,NONE,,,,,,,,,,,,,0,0,1,0,0,1,1
1983805,3723365,1,0,,0,NONE,1,PSNGR CAR,0,9.0,1,STRGHT,2,NE,6,SW,0,NONE,,,,,,,,,,,,,0,0,1,0,0,1,1
1983805,3723366,2,0,,0,NONE,1,PSNGR CAR,0,9.0,5,BACK,8,NW,4,SE,18,EXIT DWY,,,,,,,,,,,,,0,0,2,0,0,2,0
1986082,3727485,1,0,,0,NONE,1,PSNGR CAR,0,9.0,1,STRGHT,3,E,7,W,88,OTHER,,,,,,,,,,,,,0,0,1,0,0,1,1
1987779,3730414,1,0,,0,NONE,1,PSNGR CAR,0,9.0,1,STRGHT,2,NE,6,SW,0,NONE,,,,,,,,,,,,,0,0,1,0,0,1,1
1987779,3730415,2,0,,0,NONE,1,PSNGR CAR,0,9.0,7,PRKD-P,2,NE,6,SW,8,PAR PARK,,,,,,,,,,,,,0,0,1,0,0,1,0
1987786,3730428,1,0,,0,NONE,1,PSNGR CAR,0,9.0,1,STRGHT,2,NE,6,SW,0,NONE,,,,,,,,,,,,,0,0,0,0,1,1,1
1987786,3730429,2,0,,0,NONE,1,PSNGR CAR,0,9.0,1,STRGHT,8,NW,4,SE,0,NONE,,,,,,,,,,,,,0,0,2,0,0,2,0
1987789,3730434,1,0,,0,NONE,1,PSNGR CAR,0,9.0,1,STRGHT,6,SW,2,NE,22,PREV COL,,,,,,,,,,,,,0,0,1,0,0,1,1
1987789,3730435,2,0,,0,NONE,1,PSNGR CAR,0,9.0,6,STOP,6,SW,2,NE,22,PREV COL,,,,,,,,,,,,,0,0,1,0,0,1,0
1987790,3730436,1,0,,0,NONE,1,PSNGR CAR,0,9.0,2,TURN-R,4,SE,2,NE,88,OTHER,,,,,,,,,,,,,0,0,1,0,0,1,1
1987790,3730437,2,0,,0,NONE,1,PSNGR CAR,0,9.0,6,STOP,4,SE,8,NW,11,STOPPED,,,,,,,,,,,,,0,0,1,0,0,1,0
1987882,3730594,1,0,,0,NONE,1,PSNGR CAR,0,9.0,1,STRGHT,6,SW,2,NE,88,OTHER,,,,,,,,,,,,,0,0,0,0,1,1,1
1987902,3730627,1,0,,0,NONE,1,PSNGR CAR,0,9.0,3,TURN-L,6,SW,8,NW,88,OTHER,,,,,,,,,,,,,0,0,1,0,0,1,1
1987902,3730628,2,0,,0,NONE,1,PSNGR CAR,0,9.0,1,STRGHT,4,SE,8,NW,88,OTHER,,,,,,,,,,,,,0,0,3,0,0,3,0
1987928,3730674,1,0,,0,NONE,1,PSNGR CAR,0,9.0,1,STRGHT,8,NW,4,SE,88,OTHER,,,,,,,,,,,,,0,0,0,0,1,1,1
1987928,3730675,2,0,,0,NONE,1,PSNGR CAR,0,9.0,1,STRGHT,8,NW,4,SE,0,NONE,,,,,,,,,,,,,0,0,0,0,1,1,0
1987930,3730678,1,0,,0,NONE,1,PSNGR CAR,0,9.0,1,STRGHT,4,SE,8,NW,0,NONE,,,,,,,,,,,,,0,0,3,0,0,3,1
1987930,3730679,2,0,,0,NONE,1,PSNGR CAR,0,9.0,2,TURN-R,4,SE,2,NE,0,NONE,,,,,,,,,,,,,0,0,0,0,1,1,0
1987933,3730683,1,0,,0,NONE,1,PSNGR CAR,0,9.0,5,BACK,7,W,3,E,9,ANG PARK,,,,,,,,,,,,,0,0,0,0,1,1,1
1987933,3730684,2,0,,0,NONE,1,PSNGR CAR,0,9.0,1,STRGHT,2,NE,6,SW,0,NONE,,,,,,,,,,,,,0,0,1,0,0,1,0
1988000,3730795,1,0,,0,NONE,1,PSNGR CAR,0,9.0,2,TURN-R,1,N,6,SW,31,PASSING,,,,,,,,,,,,,0,0,0,0,1,1,1
1988000,3730796,2,0,,0,NONE,1,PSNGR CAR,0,9.0,1,STRGHT,1,N,5,S,0,NONE,,,,,,,,,,,,,0,0,1,0,0,1,0
1988069,3730928,1,0,,0,NONE,1,PSNGR CAR,0,9.0,1,STRGHT,4,SE,8,NW,0,NONE,,,,,,,,,,,,,0,0,1,0,0,1,1
1988069,3730929,2,0,,0,NONE,1,PSNGR CAR,0,9.0,2,TURN-R,2,NE,8,NW,0,NONE,,,,,,,,,,,,,0,0,1,0,0,1,0
1988214,3731178,1,0,,0,NONE,1,PSNGR CAR,0,9.0,1,STRGHT,3,E,7,W,88,OTHER,,,,,,,,,,,,,0,0,0,0,3,3,1
1988236,3731217,1,0,,0,NONE,1,PSNGR CAR,0,9.0,1,STRGHT,2,NE,6,SW,0,NONE,,,,,,,,,,,,,0,0,1,0,0,1,1
1988236,3731218,2,0,,0,NONE,1,PSNGR CAR,0,9.0,6,STOP,2,NE,6,SW,11,STOPPED,,,,,,,,,,,,,0,0,1,0,0,1,0
1990607,3735389,1,1,PRVTE,0,NONE,1,PSNGR CAR,0,0.0,2,TURN-R,4,SE,2,NE,6,SLOW DN,,,,,,,,,,,,,0,0,2,0,0,2,1
1997062,3746625,1,0,,0,NONE,1,PSNGR CAR,0,9.0,1,STRGHT,6,SW,2,NE,88,OTHER,,,,,,,,,,,,,0,0,1,0,0,1,1
1997062,3746626,2,0,,0,NONE,1,PSNGR CAR,0,9.0,7,PRKD-P,8,NW,4,SE,9,ANG PARK,,,,,,,,,,,,,0,0,0,0,0,0,0
